"result_id","cdm_name","group_name","group_level","strata_name","strata_level","variable_name","variable_level","estimate_name","estimate_type","estimate_value","additional_name","additional_level"
"1","postgres_omop","denominator_cohort_name &&& outcome_cohort_name","denominator_cohort_1 &&& neoplasm","overall","overall","Denominator",NA,"denominator_count","integer","10","incidence_start_date &&& incidence_end_date &&& analysis_interval","1927-01-01 &&& 1927-12-31 &&& years"
"1","postgres_omop","denominator_cohort_name &&& outcome_cohort_name","denominator_cohort_1 &&& neoplasm","overall","overall","Outcome",NA,"outcome_count","integer","0","incidence_start_date &&& incidence_end_date &&& analysis_interval","1927-01-01 &&& 1927-12-31 &&& years"
"1","postgres_omop","denominator_cohort_name &&& outcome_cohort_name","denominator_cohort_1 &&& neoplasm","overall","overall","Denominator",NA,"person_days","numeric","2378","incidence_start_date &&& incidence_end_date &&& analysis_interval","1927-01-01 &&& 1927-12-31 &&& years"
"1","postgres_omop","denominator_cohort_name &&& outcome_cohort_name","denominator_cohort_1 &&& neoplasm","overall","overall","Denominator",NA,"person_years","numeric","6.511","incidence_start_date &&& incidence_end_date &&& analysis_interval","1927-01-01 &&& 1927-12-31 &&& years"
"1","postgres_omop","denominator_cohort_name &&& outcome_cohort_name","denominator_cohort_1 &&& neoplasm","overall","overall","Outcome",NA,"incidence_100000_pys","numeric","0","incidence_start_date &&& incidence_end_date &&& analysis_interval","1927-01-01 &&& 1927-12-31 &&& years"
"1","postgres_omop","denominator_cohort_name &&& outcome_cohort_name","denominator_cohort_1 &&& neoplasm","overall","overall","Outcome",NA,"incidence_100000_pys_95CI_lower","numeric","0","incidence_start_date &&& incidence_end_date &&& analysis_interval","1927-01-01 &&& 1927-12-31 &&& years"
"1","postgres_omop","denominator_cohort_name &&& outcome_cohort_name","denominator_cohort_1 &&& neoplasm","overall","overall","Outcome",NA,"incidence_100000_pys_95CI_upper","numeric","56656.112","incidence_start_date &&& incidence_end_date &&& analysis_interval","1927-01-01 &&& 1927-12-31 &&& years"
"1","postgres_omop","denominator_cohort_name &&& outcome_cohort_name","denominator_cohort_1 &&& neoplasm","overall","overall","Denominator",NA,"denominator_count","integer","20","incidence_start_date &&& incidence_end_date &&& analysis_interval","1928-01-01 &&& 1928-12-31 &&& years"
"1","postgres_omop","denominator_cohort_name &&& outcome_cohort_name","denominator_cohort_1 &&& neoplasm","overall","overall","Outcome",NA,"outcome_count","integer","0","incidence_start_date &&& incidence_end_date &&& analysis_interval","1928-01-01 &&& 1928-12-31 &&& years"
"1","postgres_omop","denominator_cohort_name &&& outcome_cohort_name","denominator_cohort_1 &&& neoplasm","overall","overall","Denominator",NA,"person_days","numeric","5333","incidence_start_date &&& incidence_end_date &&& analysis_interval","1928-01-01 &&& 1928-12-31 &&& years"
"1","postgres_omop","denominator_cohort_name &&& outcome_cohort_name","denominator_cohort_1 &&& neoplasm","overall","overall","Denominator",NA,"person_years","numeric","14.601","incidence_start_date &&& incidence_end_date &&& analysis_interval","1928-01-01 &&& 1928-12-31 &&& years"
"1","postgres_omop","denominator_cohort_name &&& outcome_cohort_name","denominator_cohort_1 &&& neoplasm","overall","overall","Outcome",NA,"incidence_100000_pys","numeric","0","incidence_start_date &&& incidence_end_date &&& analysis_interval","1928-01-01 &&& 1928-12-31 &&& years"
"1","postgres_omop","denominator_cohort_name &&& outcome_cohort_name","denominator_cohort_1 &&& neoplasm","overall","overall","Outcome",NA,"incidence_100000_pys_95CI_lower","numeric","0","incidence_start_date &&& incidence_end_date &&& analysis_interval","1928-01-01 &&& 1928-12-31 &&& years"
"1","postgres_omop","denominator_cohort_name &&& outcome_cohort_name","denominator_cohort_1 &&& neoplasm","overall","overall","Outcome",NA,"incidence_100000_pys_95CI_upper","numeric","25264.567","incidence_start_date &&& incidence_end_date &&& analysis_interval","1928-01-01 &&& 1928-12-31 &&& years"
"1","postgres_omop","denominator_cohort_name &&& outcome_cohort_name","denominator_cohort_1 &&& neoplasm","overall","overall","Denominator",NA,"denominator_count","integer","31","incidence_start_date &&& incidence_end_date &&& analysis_interval","1929-01-01 &&& 1929-12-31 &&& years"
"1","postgres_omop","denominator_cohort_name &&& outcome_cohort_name","denominator_cohort_1 &&& neoplasm","overall","overall","Outcome",NA,"outcome_count","integer","0","incidence_start_date &&& incidence_end_date &&& analysis_interval","1929-01-01 &&& 1929-12-31 &&& years"
"1","postgres_omop","denominator_cohort_name &&& outcome_cohort_name","denominator_cohort_1 &&& neoplasm","overall","overall","Denominator",NA,"person_days","numeric","9354","incidence_start_date &&& incidence_end_date &&& analysis_interval","1929-01-01 &&& 1929-12-31 &&& years"
"1","postgres_omop","denominator_cohort_name &&& outcome_cohort_name","denominator_cohort_1 &&& neoplasm","overall","overall","Denominator",NA,"person_years","numeric","25.61","incidence_start_date &&& incidence_end_date &&& analysis_interval","1929-01-01 &&& 1929-12-31 &&& years"
"1","postgres_omop","denominator_cohort_name &&& outcome_cohort_name","denominator_cohort_1 &&& neoplasm","overall","overall","Outcome",NA,"incidence_100000_pys","numeric","0","incidence_start_date &&& incidence_end_date &&& analysis_interval","1929-01-01 &&& 1929-12-31 &&& years"
"1","postgres_omop","denominator_cohort_name &&& outcome_cohort_name","denominator_cohort_1 &&& neoplasm","overall","overall","Outcome",NA,"incidence_100000_pys_95CI_lower","numeric","0","incidence_start_date &&& incidence_end_date &&& analysis_interval","1929-01-01 &&& 1929-12-31 &&& years"
"1","postgres_omop","denominator_cohort_name &&& outcome_cohort_name","denominator_cohort_1 &&& neoplasm","overall","overall","Outcome",NA,"incidence_100000_pys_95CI_upper","numeric","14404.059","incidence_start_date &&& incidence_end_date &&& analysis_interval","1929-01-01 &&& 1929-12-31 &&& years"
"1","postgres_omop","denominator_cohort_name &&& outcome_cohort_name","denominator_cohort_1 &&& neoplasm","overall","overall","Denominator",NA,"denominator_count","integer","34","incidence_start_date &&& incidence_end_date &&& analysis_interval","1930-01-01 &&& 1930-12-31 &&& years"
"1","postgres_omop","denominator_cohort_name &&& outcome_cohort_name","denominator_cohort_1 &&& neoplasm","overall","overall","Outcome",NA,"outcome_count","integer","0","incidence_start_date &&& incidence_end_date &&& analysis_interval","1930-01-01 &&& 1930-12-31 &&& years"
"1","postgres_omop","denominator_cohort_name &&& outcome_cohort_name","denominator_cohort_1 &&& neoplasm","overall","overall","Denominator",NA,"person_days","numeric","12022","incidence_start_date &&& incidence_end_date &&& analysis_interval","1930-01-01 &&& 1930-12-31 &&& years"
"1","postgres_omop","denominator_cohort_name &&& outcome_cohort_name","denominator_cohort_1 &&& neoplasm","overall","overall","Denominator",NA,"person_years","numeric","32.914","incidence_start_date &&& incidence_end_date &&& analysis_interval","1930-01-01 &&& 1930-12-31 &&& years"
"1","postgres_omop","denominator_cohort_name &&& outcome_cohort_name","denominator_cohort_1 &&& neoplasm","overall","overall","Outcome",NA,"incidence_100000_pys","numeric","0","incidence_start_date &&& incidence_end_date &&& analysis_interval","1930-01-01 &&& 1930-12-31 &&& years"
"1","postgres_omop","denominator_cohort_name &&& outcome_cohort_name","denominator_cohort_1 &&& neoplasm","overall","overall","Outcome",NA,"incidence_100000_pys_95CI_lower","numeric","0","incidence_start_date &&& incidence_end_date &&& analysis_interval","1930-01-01 &&& 1930-12-31 &&& years"
"1","postgres_omop","denominator_cohort_name &&& outcome_cohort_name","denominator_cohort_1 &&& neoplasm","overall","overall","Outcome",NA,"incidence_100000_pys_95CI_upper","numeric","11207.63","incidence_start_date &&& incidence_end_date &&& analysis_interval","1930-01-01 &&& 1930-12-31 &&& years"
"1","postgres_omop","denominator_cohort_name &&& outcome_cohort_name","denominator_cohort_1 &&& neoplasm","overall","overall","Denominator",NA,"denominator_count","integer","44","incidence_start_date &&& incidence_end_date &&& analysis_interval","1931-01-01 &&& 1931-12-31 &&& years"
"1","postgres_omop","denominator_cohort_name &&& outcome_cohort_name","denominator_cohort_1 &&& neoplasm","overall","overall","Outcome",NA,"outcome_count","integer","0","incidence_start_date &&& incidence_end_date &&& analysis_interval","1931-01-01 &&& 1931-12-31 &&& years"
"1","postgres_omop","denominator_cohort_name &&& outcome_cohort_name","denominator_cohort_1 &&& neoplasm","overall","overall","Denominator",NA,"person_days","numeric","14349","incidence_start_date &&& incidence_end_date &&& analysis_interval","1931-01-01 &&& 1931-12-31 &&& years"
"1","postgres_omop","denominator_cohort_name &&& outcome_cohort_name","denominator_cohort_1 &&& neoplasm","overall","overall","Denominator",NA,"person_years","numeric","39.285","incidence_start_date &&& incidence_end_date &&& analysis_interval","1931-01-01 &&& 1931-12-31 &&& years"
"1","postgres_omop","denominator_cohort_name &&& outcome_cohort_name","denominator_cohort_1 &&& neoplasm","overall","overall","Outcome",NA,"incidence_100000_pys","numeric","0","incidence_start_date &&& incidence_end_date &&& analysis_interval","1931-01-01 &&& 1931-12-31 &&& years"
"1","postgres_omop","denominator_cohort_name &&& outcome_cohort_name","denominator_cohort_1 &&& neoplasm","overall","overall","Outcome",NA,"incidence_100000_pys_95CI_lower","numeric","0","incidence_start_date &&& incidence_end_date &&& analysis_interval","1931-01-01 &&& 1931-12-31 &&& years"
"1","postgres_omop","denominator_cohort_name &&& outcome_cohort_name","denominator_cohort_1 &&& neoplasm","overall","overall","Outcome",NA,"incidence_100000_pys_95CI_upper","numeric","9390.046","incidence_start_date &&& incidence_end_date &&& analysis_interval","1931-01-01 &&& 1931-12-31 &&& years"
"1","postgres_omop","denominator_cohort_name &&& outcome_cohort_name","denominator_cohort_1 &&& neoplasm","overall","overall","Denominator",NA,"denominator_count","integer","57","incidence_start_date &&& incidence_end_date &&& analysis_interval","1932-01-01 &&& 1932-12-31 &&& years"
"1","postgres_omop","denominator_cohort_name &&& outcome_cohort_name","denominator_cohort_1 &&& neoplasm","overall","overall","Outcome",NA,"outcome_count","integer","0","incidence_start_date &&& incidence_end_date &&& analysis_interval","1932-01-01 &&& 1932-12-31 &&& years"
"1","postgres_omop","denominator_cohort_name &&& outcome_cohort_name","denominator_cohort_1 &&& neoplasm","overall","overall","Denominator",NA,"person_days","numeric","18342","incidence_start_date &&& incidence_end_date &&& analysis_interval","1932-01-01 &&& 1932-12-31 &&& years"
"1","postgres_omop","denominator_cohort_name &&& outcome_cohort_name","denominator_cohort_1 &&& neoplasm","overall","overall","Denominator",NA,"person_years","numeric","50.218","incidence_start_date &&& incidence_end_date &&& analysis_interval","1932-01-01 &&& 1932-12-31 &&& years"
"1","postgres_omop","denominator_cohort_name &&& outcome_cohort_name","denominator_cohort_1 &&& neoplasm","overall","overall","Outcome",NA,"incidence_100000_pys","numeric","0","incidence_start_date &&& incidence_end_date &&& analysis_interval","1932-01-01 &&& 1932-12-31 &&& years"
"1","postgres_omop","denominator_cohort_name &&& outcome_cohort_name","denominator_cohort_1 &&& neoplasm","overall","overall","Outcome",NA,"incidence_100000_pys_95CI_lower","numeric","0","incidence_start_date &&& incidence_end_date &&& analysis_interval","1932-01-01 &&& 1932-12-31 &&& years"
"1","postgres_omop","denominator_cohort_name &&& outcome_cohort_name","denominator_cohort_1 &&& neoplasm","overall","overall","Outcome",NA,"incidence_100000_pys_95CI_upper","numeric","7345.732","incidence_start_date &&& incidence_end_date &&& analysis_interval","1932-01-01 &&& 1932-12-31 &&& years"
"1","postgres_omop","denominator_cohort_name &&& outcome_cohort_name","denominator_cohort_1 &&& neoplasm","overall","overall","Denominator",NA,"denominator_count","integer","69","incidence_start_date &&& incidence_end_date &&& analysis_interval","1933-01-01 &&& 1933-12-31 &&& years"
"1","postgres_omop","denominator_cohort_name &&& outcome_cohort_name","denominator_cohort_1 &&& neoplasm","overall","overall","Outcome",NA,"outcome_count","integer","0","incidence_start_date &&& incidence_end_date &&& analysis_interval","1933-01-01 &&& 1933-12-31 &&& years"
"1","postgres_omop","denominator_cohort_name &&& outcome_cohort_name","denominator_cohort_1 &&& neoplasm","overall","overall","Denominator",NA,"person_days","numeric","23091","incidence_start_date &&& incidence_end_date &&& analysis_interval","1933-01-01 &&& 1933-12-31 &&& years"
"1","postgres_omop","denominator_cohort_name &&& outcome_cohort_name","denominator_cohort_1 &&& neoplasm","overall","overall","Denominator",NA,"person_years","numeric","63.22","incidence_start_date &&& incidence_end_date &&& analysis_interval","1933-01-01 &&& 1933-12-31 &&& years"
"1","postgres_omop","denominator_cohort_name &&& outcome_cohort_name","denominator_cohort_1 &&& neoplasm","overall","overall","Outcome",NA,"incidence_100000_pys","numeric","0","incidence_start_date &&& incidence_end_date &&& analysis_interval","1933-01-01 &&& 1933-12-31 &&& years"
"1","postgres_omop","denominator_cohort_name &&& outcome_cohort_name","denominator_cohort_1 &&& neoplasm","overall","overall","Outcome",NA,"incidence_100000_pys_95CI_lower","numeric","0","incidence_start_date &&& incidence_end_date &&& analysis_interval","1933-01-01 &&& 1933-12-31 &&& years"
"1","postgres_omop","denominator_cohort_name &&& outcome_cohort_name","denominator_cohort_1 &&& neoplasm","overall","overall","Outcome",NA,"incidence_100000_pys_95CI_upper","numeric","5834.988","incidence_start_date &&& incidence_end_date &&& analysis_interval","1933-01-01 &&& 1933-12-31 &&& years"
"1","postgres_omop","denominator_cohort_name &&& outcome_cohort_name","denominator_cohort_1 &&& neoplasm","overall","overall","Denominator",NA,"denominator_count","integer","80","incidence_start_date &&& incidence_end_date &&& analysis_interval","1934-01-01 &&& 1934-12-31 &&& years"
"1","postgres_omop","denominator_cohort_name &&& outcome_cohort_name","denominator_cohort_1 &&& neoplasm","overall","overall","Outcome",NA,"outcome_count","integer","0","incidence_start_date &&& incidence_end_date &&& analysis_interval","1934-01-01 &&& 1934-12-31 &&& years"
"1","postgres_omop","denominator_cohort_name &&& outcome_cohort_name","denominator_cohort_1 &&& neoplasm","overall","overall","Denominator",NA,"person_days","numeric","27299","incidence_start_date &&& incidence_end_date &&& analysis_interval","1934-01-01 &&& 1934-12-31 &&& years"
"1","postgres_omop","denominator_cohort_name &&& outcome_cohort_name","denominator_cohort_1 &&& neoplasm","overall","overall","Denominator",NA,"person_years","numeric","74.741","incidence_start_date &&& incidence_end_date &&& analysis_interval","1934-01-01 &&& 1934-12-31 &&& years"
"1","postgres_omop","denominator_cohort_name &&& outcome_cohort_name","denominator_cohort_1 &&& neoplasm","overall","overall","Outcome",NA,"incidence_100000_pys","numeric","0","incidence_start_date &&& incidence_end_date &&& analysis_interval","1934-01-01 &&& 1934-12-31 &&& years"
"1","postgres_omop","denominator_cohort_name &&& outcome_cohort_name","denominator_cohort_1 &&& neoplasm","overall","overall","Outcome",NA,"incidence_100000_pys_95CI_lower","numeric","0","incidence_start_date &&& incidence_end_date &&& analysis_interval","1934-01-01 &&& 1934-12-31 &&& years"
"1","postgres_omop","denominator_cohort_name &&& outcome_cohort_name","denominator_cohort_1 &&& neoplasm","overall","overall","Outcome",NA,"incidence_100000_pys_95CI_upper","numeric","4935.55","incidence_start_date &&& incidence_end_date &&& analysis_interval","1934-01-01 &&& 1934-12-31 &&& years"
"1","postgres_omop","denominator_cohort_name &&& outcome_cohort_name","denominator_cohort_1 &&& neoplasm","overall","overall","Denominator",NA,"denominator_count","integer","88","incidence_start_date &&& incidence_end_date &&& analysis_interval","1935-01-01 &&& 1935-12-31 &&& years"
"1","postgres_omop","denominator_cohort_name &&& outcome_cohort_name","denominator_cohort_1 &&& neoplasm","overall","overall","Outcome",NA,"outcome_count","integer","0","incidence_start_date &&& incidence_end_date &&& analysis_interval","1935-01-01 &&& 1935-12-31 &&& years"
"1","postgres_omop","denominator_cohort_name &&& outcome_cohort_name","denominator_cohort_1 &&& neoplasm","overall","overall","Denominator",NA,"person_days","numeric","30914","incidence_start_date &&& incidence_end_date &&& analysis_interval","1935-01-01 &&& 1935-12-31 &&& years"
"1","postgres_omop","denominator_cohort_name &&& outcome_cohort_name","denominator_cohort_1 &&& neoplasm","overall","overall","Denominator",NA,"person_years","numeric","84.638","incidence_start_date &&& incidence_end_date &&& analysis_interval","1935-01-01 &&& 1935-12-31 &&& years"
"1","postgres_omop","denominator_cohort_name &&& outcome_cohort_name","denominator_cohort_1 &&& neoplasm","overall","overall","Outcome",NA,"incidence_100000_pys","numeric","0","incidence_start_date &&& incidence_end_date &&& analysis_interval","1935-01-01 &&& 1935-12-31 &&& years"
"1","postgres_omop","denominator_cohort_name &&& outcome_cohort_name","denominator_cohort_1 &&& neoplasm","overall","overall","Outcome",NA,"incidence_100000_pys_95CI_lower","numeric","0","incidence_start_date &&& incidence_end_date &&& analysis_interval","1935-01-01 &&& 1935-12-31 &&& years"
"1","postgres_omop","denominator_cohort_name &&& outcome_cohort_name","denominator_cohort_1 &&& neoplasm","overall","overall","Outcome",NA,"incidence_100000_pys_95CI_upper","numeric","4358.42","incidence_start_date &&& incidence_end_date &&& analysis_interval","1935-01-01 &&& 1935-12-31 &&& years"
"1","postgres_omop","denominator_cohort_name &&& outcome_cohort_name","denominator_cohort_1 &&& neoplasm","overall","overall","Denominator",NA,"denominator_count","integer","99","incidence_start_date &&& incidence_end_date &&& analysis_interval","1936-01-01 &&& 1936-12-31 &&& years"
"1","postgres_omop","denominator_cohort_name &&& outcome_cohort_name","denominator_cohort_1 &&& neoplasm","overall","overall","Outcome",NA,"outcome_count","integer","0","incidence_start_date &&& incidence_end_date &&& analysis_interval","1936-01-01 &&& 1936-12-31 &&& years"
"1","postgres_omop","denominator_cohort_name &&& outcome_cohort_name","denominator_cohort_1 &&& neoplasm","overall","overall","Denominator",NA,"person_days","numeric","34722","incidence_start_date &&& incidence_end_date &&& analysis_interval","1936-01-01 &&& 1936-12-31 &&& years"
"1","postgres_omop","denominator_cohort_name &&& outcome_cohort_name","denominator_cohort_1 &&& neoplasm","overall","overall","Denominator",NA,"person_years","numeric","95.064","incidence_start_date &&& incidence_end_date &&& analysis_interval","1936-01-01 &&& 1936-12-31 &&& years"
"1","postgres_omop","denominator_cohort_name &&& outcome_cohort_name","denominator_cohort_1 &&& neoplasm","overall","overall","Outcome",NA,"incidence_100000_pys","numeric","0","incidence_start_date &&& incidence_end_date &&& analysis_interval","1936-01-01 &&& 1936-12-31 &&& years"
"1","postgres_omop","denominator_cohort_name &&& outcome_cohort_name","denominator_cohort_1 &&& neoplasm","overall","overall","Outcome",NA,"incidence_100000_pys_95CI_lower","numeric","0","incidence_start_date &&& incidence_end_date &&& analysis_interval","1936-01-01 &&& 1936-12-31 &&& years"
"1","postgres_omop","denominator_cohort_name &&& outcome_cohort_name","denominator_cohort_1 &&& neoplasm","overall","overall","Outcome",NA,"incidence_100000_pys_95CI_upper","numeric","3880.417","incidence_start_date &&& incidence_end_date &&& analysis_interval","1936-01-01 &&& 1936-12-31 &&& years"
"1","postgres_omop","denominator_cohort_name &&& outcome_cohort_name","denominator_cohort_1 &&& neoplasm","overall","overall","Denominator",NA,"denominator_count","integer","110","incidence_start_date &&& incidence_end_date &&& analysis_interval","1937-01-01 &&& 1937-12-31 &&& years"
"1","postgres_omop","denominator_cohort_name &&& outcome_cohort_name","denominator_cohort_1 &&& neoplasm","overall","overall","Outcome",NA,"outcome_count","integer","0","incidence_start_date &&& incidence_end_date &&& analysis_interval","1937-01-01 &&& 1937-12-31 &&& years"
"1","postgres_omop","denominator_cohort_name &&& outcome_cohort_name","denominator_cohort_1 &&& neoplasm","overall","overall","Denominator",NA,"person_days","numeric","38153","incidence_start_date &&& incidence_end_date &&& analysis_interval","1937-01-01 &&& 1937-12-31 &&& years"
"1","postgres_omop","denominator_cohort_name &&& outcome_cohort_name","denominator_cohort_1 &&& neoplasm","overall","overall","Denominator",NA,"person_years","numeric","104.457","incidence_start_date &&& incidence_end_date &&& analysis_interval","1937-01-01 &&& 1937-12-31 &&& years"
"1","postgres_omop","denominator_cohort_name &&& outcome_cohort_name","denominator_cohort_1 &&& neoplasm","overall","overall","Outcome",NA,"incidence_100000_pys","numeric","0","incidence_start_date &&& incidence_end_date &&& analysis_interval","1937-01-01 &&& 1937-12-31 &&& years"
"1","postgres_omop","denominator_cohort_name &&& outcome_cohort_name","denominator_cohort_1 &&& neoplasm","overall","overall","Outcome",NA,"incidence_100000_pys_95CI_lower","numeric","0","incidence_start_date &&& incidence_end_date &&& analysis_interval","1937-01-01 &&& 1937-12-31 &&& years"
"1","postgres_omop","denominator_cohort_name &&& outcome_cohort_name","denominator_cohort_1 &&& neoplasm","overall","overall","Outcome",NA,"incidence_100000_pys_95CI_upper","numeric","3531.481","incidence_start_date &&& incidence_end_date &&& analysis_interval","1937-01-01 &&& 1937-12-31 &&& years"
"1","postgres_omop","denominator_cohort_name &&& outcome_cohort_name","denominator_cohort_1 &&& neoplasm","overall","overall","Denominator",NA,"denominator_count","integer","117","incidence_start_date &&& incidence_end_date &&& analysis_interval","1938-01-01 &&& 1938-12-31 &&& years"
"1","postgres_omop","denominator_cohort_name &&& outcome_cohort_name","denominator_cohort_1 &&& neoplasm","overall","overall","Outcome",NA,"outcome_count","integer","0","incidence_start_date &&& incidence_end_date &&& analysis_interval","1938-01-01 &&& 1938-12-31 &&& years"
"1","postgres_omop","denominator_cohort_name &&& outcome_cohort_name","denominator_cohort_1 &&& neoplasm","overall","overall","Denominator",NA,"person_days","numeric","41604","incidence_start_date &&& incidence_end_date &&& analysis_interval","1938-01-01 &&& 1938-12-31 &&& years"
"1","postgres_omop","denominator_cohort_name &&& outcome_cohort_name","denominator_cohort_1 &&& neoplasm","overall","overall","Denominator",NA,"person_years","numeric","113.906","incidence_start_date &&& incidence_end_date &&& analysis_interval","1938-01-01 &&& 1938-12-31 &&& years"
"1","postgres_omop","denominator_cohort_name &&& outcome_cohort_name","denominator_cohort_1 &&& neoplasm","overall","overall","Outcome",NA,"incidence_100000_pys","numeric","0","incidence_start_date &&& incidence_end_date &&& analysis_interval","1938-01-01 &&& 1938-12-31 &&& years"
"1","postgres_omop","denominator_cohort_name &&& outcome_cohort_name","denominator_cohort_1 &&& neoplasm","overall","overall","Outcome",NA,"incidence_100000_pys_95CI_lower","numeric","0","incidence_start_date &&& incidence_end_date &&& analysis_interval","1938-01-01 &&& 1938-12-31 &&& years"
"1","postgres_omop","denominator_cohort_name &&& outcome_cohort_name","denominator_cohort_1 &&& neoplasm","overall","overall","Outcome",NA,"incidence_100000_pys_95CI_upper","numeric","3238.53","incidence_start_date &&& incidence_end_date &&& analysis_interval","1938-01-01 &&& 1938-12-31 &&& years"
"1","postgres_omop","denominator_cohort_name &&& outcome_cohort_name","denominator_cohort_1 &&& neoplasm","overall","overall","Denominator",NA,"denominator_count","integer","129","incidence_start_date &&& incidence_end_date &&& analysis_interval","1939-01-01 &&& 1939-12-31 &&& years"
"1","postgres_omop","denominator_cohort_name &&& outcome_cohort_name","denominator_cohort_1 &&& neoplasm","overall","overall","Outcome",NA,"outcome_count","integer","0","incidence_start_date &&& incidence_end_date &&& analysis_interval","1939-01-01 &&& 1939-12-31 &&& years"
"1","postgres_omop","denominator_cohort_name &&& outcome_cohort_name","denominator_cohort_1 &&& neoplasm","overall","overall","Denominator",NA,"person_days","numeric","44830","incidence_start_date &&& incidence_end_date &&& analysis_interval","1939-01-01 &&& 1939-12-31 &&& years"
"1","postgres_omop","denominator_cohort_name &&& outcome_cohort_name","denominator_cohort_1 &&& neoplasm","overall","overall","Denominator",NA,"person_years","numeric","122.738","incidence_start_date &&& incidence_end_date &&& analysis_interval","1939-01-01 &&& 1939-12-31 &&& years"
"1","postgres_omop","denominator_cohort_name &&& outcome_cohort_name","denominator_cohort_1 &&& neoplasm","overall","overall","Outcome",NA,"incidence_100000_pys","numeric","0","incidence_start_date &&& incidence_end_date &&& analysis_interval","1939-01-01 &&& 1939-12-31 &&& years"
"1","postgres_omop","denominator_cohort_name &&& outcome_cohort_name","denominator_cohort_1 &&& neoplasm","overall","overall","Outcome",NA,"incidence_100000_pys_95CI_lower","numeric","0","incidence_start_date &&& incidence_end_date &&& analysis_interval","1939-01-01 &&& 1939-12-31 &&& years"
"1","postgres_omop","denominator_cohort_name &&& outcome_cohort_name","denominator_cohort_1 &&& neoplasm","overall","overall","Outcome",NA,"incidence_100000_pys_95CI_upper","numeric","3005.491","incidence_start_date &&& incidence_end_date &&& analysis_interval","1939-01-01 &&& 1939-12-31 &&& years"
"1","postgres_omop","denominator_cohort_name &&& outcome_cohort_name","denominator_cohort_1 &&& neoplasm","overall","overall","Denominator",NA,"denominator_count","integer","147","incidence_start_date &&& incidence_end_date &&& analysis_interval","1940-01-01 &&& 1940-12-31 &&& years"
"1","postgres_omop","denominator_cohort_name &&& outcome_cohort_name","denominator_cohort_1 &&& neoplasm","overall","overall","Outcome",NA,"outcome_count","integer","0","incidence_start_date &&& incidence_end_date &&& analysis_interval","1940-01-01 &&& 1940-12-31 &&& years"
"1","postgres_omop","denominator_cohort_name &&& outcome_cohort_name","denominator_cohort_1 &&& neoplasm","overall","overall","Denominator",NA,"person_days","numeric","50378","incidence_start_date &&& incidence_end_date &&& analysis_interval","1940-01-01 &&& 1940-12-31 &&& years"
"1","postgres_omop","denominator_cohort_name &&& outcome_cohort_name","denominator_cohort_1 &&& neoplasm","overall","overall","Denominator",NA,"person_years","numeric","137.927","incidence_start_date &&& incidence_end_date &&& analysis_interval","1940-01-01 &&& 1940-12-31 &&& years"
"1","postgres_omop","denominator_cohort_name &&& outcome_cohort_name","denominator_cohort_1 &&& neoplasm","overall","overall","Outcome",NA,"incidence_100000_pys","numeric","0","incidence_start_date &&& incidence_end_date &&& analysis_interval","1940-01-01 &&& 1940-12-31 &&& years"
"1","postgres_omop","denominator_cohort_name &&& outcome_cohort_name","denominator_cohort_1 &&& neoplasm","overall","overall","Outcome",NA,"incidence_100000_pys_95CI_lower","numeric","0","incidence_start_date &&& incidence_end_date &&& analysis_interval","1940-01-01 &&& 1940-12-31 &&& years"
"1","postgres_omop","denominator_cohort_name &&& outcome_cohort_name","denominator_cohort_1 &&& neoplasm","overall","overall","Outcome",NA,"incidence_100000_pys_95CI_upper","numeric","2674.516","incidence_start_date &&& incidence_end_date &&& analysis_interval","1940-01-01 &&& 1940-12-31 &&& years"
"1","postgres_omop","denominator_cohort_name &&& outcome_cohort_name","denominator_cohort_1 &&& neoplasm","overall","overall","Denominator",NA,"denominator_count","integer","156","incidence_start_date &&& incidence_end_date &&& analysis_interval","1941-01-01 &&& 1941-12-31 &&& years"
"1","postgres_omop","denominator_cohort_name &&& outcome_cohort_name","denominator_cohort_1 &&& neoplasm","overall","overall","Outcome",NA,"outcome_count","integer","-","incidence_start_date &&& incidence_end_date &&& analysis_interval","1941-01-01 &&& 1941-12-31 &&& years"
"1","postgres_omop","denominator_cohort_name &&& outcome_cohort_name","denominator_cohort_1 &&& neoplasm","overall","overall","Denominator",NA,"person_days","numeric","55122","incidence_start_date &&& incidence_end_date &&& analysis_interval","1941-01-01 &&& 1941-12-31 &&& years"
"1","postgres_omop","denominator_cohort_name &&& outcome_cohort_name","denominator_cohort_1 &&& neoplasm","overall","overall","Denominator",NA,"person_years","numeric","150.916","incidence_start_date &&& incidence_end_date &&& analysis_interval","1941-01-01 &&& 1941-12-31 &&& years"
"1","postgres_omop","denominator_cohort_name &&& outcome_cohort_name","denominator_cohort_1 &&& neoplasm","overall","overall","Outcome",NA,"incidence_100000_pys","numeric","-","incidence_start_date &&& incidence_end_date &&& analysis_interval","1941-01-01 &&& 1941-12-31 &&& years"
"1","postgres_omop","denominator_cohort_name &&& outcome_cohort_name","denominator_cohort_1 &&& neoplasm","overall","overall","Outcome",NA,"incidence_100000_pys_95CI_lower","numeric","-","incidence_start_date &&& incidence_end_date &&& analysis_interval","1941-01-01 &&& 1941-12-31 &&& years"
"1","postgres_omop","denominator_cohort_name &&& outcome_cohort_name","denominator_cohort_1 &&& neoplasm","overall","overall","Outcome",NA,"incidence_100000_pys_95CI_upper","numeric","-","incidence_start_date &&& incidence_end_date &&& analysis_interval","1941-01-01 &&& 1941-12-31 &&& years"
"1","postgres_omop","denominator_cohort_name &&& outcome_cohort_name","denominator_cohort_1 &&& neoplasm","overall","overall","Denominator",NA,"denominator_count","integer","163","incidence_start_date &&& incidence_end_date &&& analysis_interval","1942-01-01 &&& 1942-12-31 &&& years"
"1","postgres_omop","denominator_cohort_name &&& outcome_cohort_name","denominator_cohort_1 &&& neoplasm","overall","overall","Outcome",NA,"outcome_count","integer","0","incidence_start_date &&& incidence_end_date &&& analysis_interval","1942-01-01 &&& 1942-12-31 &&& years"
"1","postgres_omop","denominator_cohort_name &&& outcome_cohort_name","denominator_cohort_1 &&& neoplasm","overall","overall","Denominator",NA,"person_days","numeric","57524","incidence_start_date &&& incidence_end_date &&& analysis_interval","1942-01-01 &&& 1942-12-31 &&& years"
"1","postgres_omop","denominator_cohort_name &&& outcome_cohort_name","denominator_cohort_1 &&& neoplasm","overall","overall","Denominator",NA,"person_years","numeric","157.492","incidence_start_date &&& incidence_end_date &&& analysis_interval","1942-01-01 &&& 1942-12-31 &&& years"
"1","postgres_omop","denominator_cohort_name &&& outcome_cohort_name","denominator_cohort_1 &&& neoplasm","overall","overall","Outcome",NA,"incidence_100000_pys","numeric","0","incidence_start_date &&& incidence_end_date &&& analysis_interval","1942-01-01 &&& 1942-12-31 &&& years"
"1","postgres_omop","denominator_cohort_name &&& outcome_cohort_name","denominator_cohort_1 &&& neoplasm","overall","overall","Outcome",NA,"incidence_100000_pys_95CI_lower","numeric","0","incidence_start_date &&& incidence_end_date &&& analysis_interval","1942-01-01 &&& 1942-12-31 &&& years"
"1","postgres_omop","denominator_cohort_name &&& outcome_cohort_name","denominator_cohort_1 &&& neoplasm","overall","overall","Outcome",NA,"incidence_100000_pys_95CI_upper","numeric","2342.265","incidence_start_date &&& incidence_end_date &&& analysis_interval","1942-01-01 &&& 1942-12-31 &&& years"
"1","postgres_omop","denominator_cohort_name &&& outcome_cohort_name","denominator_cohort_1 &&& neoplasm","overall","overall","Denominator",NA,"denominator_count","integer","174","incidence_start_date &&& incidence_end_date &&& analysis_interval","1943-01-01 &&& 1943-12-31 &&& years"
"1","postgres_omop","denominator_cohort_name &&& outcome_cohort_name","denominator_cohort_1 &&& neoplasm","overall","overall","Outcome",NA,"outcome_count","integer","0","incidence_start_date &&& incidence_end_date &&& analysis_interval","1943-01-01 &&& 1943-12-31 &&& years"
"1","postgres_omop","denominator_cohort_name &&& outcome_cohort_name","denominator_cohort_1 &&& neoplasm","overall","overall","Denominator",NA,"person_days","numeric","61363","incidence_start_date &&& incidence_end_date &&& analysis_interval","1943-01-01 &&& 1943-12-31 &&& years"
"1","postgres_omop","denominator_cohort_name &&& outcome_cohort_name","denominator_cohort_1 &&& neoplasm","overall","overall","Denominator",NA,"person_years","numeric","168.003","incidence_start_date &&& incidence_end_date &&& analysis_interval","1943-01-01 &&& 1943-12-31 &&& years"
"1","postgres_omop","denominator_cohort_name &&& outcome_cohort_name","denominator_cohort_1 &&& neoplasm","overall","overall","Outcome",NA,"incidence_100000_pys","numeric","0","incidence_start_date &&& incidence_end_date &&& analysis_interval","1943-01-01 &&& 1943-12-31 &&& years"
"1","postgres_omop","denominator_cohort_name &&& outcome_cohort_name","denominator_cohort_1 &&& neoplasm","overall","overall","Outcome",NA,"incidence_100000_pys_95CI_lower","numeric","0","incidence_start_date &&& incidence_end_date &&& analysis_interval","1943-01-01 &&& 1943-12-31 &&& years"
"1","postgres_omop","denominator_cohort_name &&& outcome_cohort_name","denominator_cohort_1 &&& neoplasm","overall","overall","Outcome",NA,"incidence_100000_pys_95CI_upper","numeric","2195.722","incidence_start_date &&& incidence_end_date &&& analysis_interval","1943-01-01 &&& 1943-12-31 &&& years"
"1","postgres_omop","denominator_cohort_name &&& outcome_cohort_name","denominator_cohort_1 &&& neoplasm","overall","overall","Denominator",NA,"denominator_count","integer","191","incidence_start_date &&& incidence_end_date &&& analysis_interval","1944-01-01 &&& 1944-12-31 &&& years"
"1","postgres_omop","denominator_cohort_name &&& outcome_cohort_name","denominator_cohort_1 &&& neoplasm","overall","overall","Outcome",NA,"outcome_count","integer","0","incidence_start_date &&& incidence_end_date &&& analysis_interval","1944-01-01 &&& 1944-12-31 &&& years"
"1","postgres_omop","denominator_cohort_name &&& outcome_cohort_name","denominator_cohort_1 &&& neoplasm","overall","overall","Denominator",NA,"person_days","numeric","66828","incidence_start_date &&& incidence_end_date &&& analysis_interval","1944-01-01 &&& 1944-12-31 &&& years"
"1","postgres_omop","denominator_cohort_name &&& outcome_cohort_name","denominator_cohort_1 &&& neoplasm","overall","overall","Denominator",NA,"person_years","numeric","182.965","incidence_start_date &&& incidence_end_date &&& analysis_interval","1944-01-01 &&& 1944-12-31 &&& years"
"1","postgres_omop","denominator_cohort_name &&& outcome_cohort_name","denominator_cohort_1 &&& neoplasm","overall","overall","Outcome",NA,"incidence_100000_pys","numeric","0","incidence_start_date &&& incidence_end_date &&& analysis_interval","1944-01-01 &&& 1944-12-31 &&& years"
"1","postgres_omop","denominator_cohort_name &&& outcome_cohort_name","denominator_cohort_1 &&& neoplasm","overall","overall","Outcome",NA,"incidence_100000_pys_95CI_lower","numeric","0","incidence_start_date &&& incidence_end_date &&& analysis_interval","1944-01-01 &&& 1944-12-31 &&& years"
"1","postgres_omop","denominator_cohort_name &&& outcome_cohort_name","denominator_cohort_1 &&& neoplasm","overall","overall","Outcome",NA,"incidence_100000_pys_95CI_upper","numeric","2016.167","incidence_start_date &&& incidence_end_date &&& analysis_interval","1944-01-01 &&& 1944-12-31 &&& years"
"1","postgres_omop","denominator_cohort_name &&& outcome_cohort_name","denominator_cohort_1 &&& neoplasm","overall","overall","Denominator",NA,"denominator_count","integer","197","incidence_start_date &&& incidence_end_date &&& analysis_interval","1945-01-01 &&& 1945-12-31 &&& years"
"1","postgres_omop","denominator_cohort_name &&& outcome_cohort_name","denominator_cohort_1 &&& neoplasm","overall","overall","Outcome",NA,"outcome_count","integer","0","incidence_start_date &&& incidence_end_date &&& analysis_interval","1945-01-01 &&& 1945-12-31 &&& years"
"1","postgres_omop","denominator_cohort_name &&& outcome_cohort_name","denominator_cohort_1 &&& neoplasm","overall","overall","Denominator",NA,"person_days","numeric","70484","incidence_start_date &&& incidence_end_date &&& analysis_interval","1945-01-01 &&& 1945-12-31 &&& years"
"1","postgres_omop","denominator_cohort_name &&& outcome_cohort_name","denominator_cohort_1 &&& neoplasm","overall","overall","Denominator",NA,"person_years","numeric","192.975","incidence_start_date &&& incidence_end_date &&& analysis_interval","1945-01-01 &&& 1945-12-31 &&& years"
"1","postgres_omop","denominator_cohort_name &&& outcome_cohort_name","denominator_cohort_1 &&& neoplasm","overall","overall","Outcome",NA,"incidence_100000_pys","numeric","0","incidence_start_date &&& incidence_end_date &&& analysis_interval","1945-01-01 &&& 1945-12-31 &&& years"
"1","postgres_omop","denominator_cohort_name &&& outcome_cohort_name","denominator_cohort_1 &&& neoplasm","overall","overall","Outcome",NA,"incidence_100000_pys_95CI_lower","numeric","0","incidence_start_date &&& incidence_end_date &&& analysis_interval","1945-01-01 &&& 1945-12-31 &&& years"
"1","postgres_omop","denominator_cohort_name &&& outcome_cohort_name","denominator_cohort_1 &&& neoplasm","overall","overall","Outcome",NA,"incidence_100000_pys_95CI_upper","numeric","1911.584","incidence_start_date &&& incidence_end_date &&& analysis_interval","1945-01-01 &&& 1945-12-31 &&& years"
"1","postgres_omop","denominator_cohort_name &&& outcome_cohort_name","denominator_cohort_1 &&& neoplasm","overall","overall","Denominator",NA,"denominator_count","integer","211","incidence_start_date &&& incidence_end_date &&& analysis_interval","1946-01-01 &&& 1946-12-31 &&& years"
"1","postgres_omop","denominator_cohort_name &&& outcome_cohort_name","denominator_cohort_1 &&& neoplasm","overall","overall","Outcome",NA,"outcome_count","integer","0","incidence_start_date &&& incidence_end_date &&& analysis_interval","1946-01-01 &&& 1946-12-31 &&& years"
"1","postgres_omop","denominator_cohort_name &&& outcome_cohort_name","denominator_cohort_1 &&& neoplasm","overall","overall","Denominator",NA,"person_days","numeric","74505","incidence_start_date &&& incidence_end_date &&& analysis_interval","1946-01-01 &&& 1946-12-31 &&& years"
"1","postgres_omop","denominator_cohort_name &&& outcome_cohort_name","denominator_cohort_1 &&& neoplasm","overall","overall","Denominator",NA,"person_years","numeric","203.984","incidence_start_date &&& incidence_end_date &&& analysis_interval","1946-01-01 &&& 1946-12-31 &&& years"
"1","postgres_omop","denominator_cohort_name &&& outcome_cohort_name","denominator_cohort_1 &&& neoplasm","overall","overall","Outcome",NA,"incidence_100000_pys","numeric","0","incidence_start_date &&& incidence_end_date &&& analysis_interval","1946-01-01 &&& 1946-12-31 &&& years"
"1","postgres_omop","denominator_cohort_name &&& outcome_cohort_name","denominator_cohort_1 &&& neoplasm","overall","overall","Outcome",NA,"incidence_100000_pys_95CI_lower","numeric","0","incidence_start_date &&& incidence_end_date &&& analysis_interval","1946-01-01 &&& 1946-12-31 &&& years"
"1","postgres_omop","denominator_cohort_name &&& outcome_cohort_name","denominator_cohort_1 &&& neoplasm","overall","overall","Outcome",NA,"incidence_100000_pys_95CI_upper","numeric","1808.416","incidence_start_date &&& incidence_end_date &&& analysis_interval","1946-01-01 &&& 1946-12-31 &&& years"
"1","postgres_omop","denominator_cohort_name &&& outcome_cohort_name","denominator_cohort_1 &&& neoplasm","overall","overall","Denominator",NA,"denominator_count","integer","225","incidence_start_date &&& incidence_end_date &&& analysis_interval","1947-01-01 &&& 1947-12-31 &&& years"
"1","postgres_omop","denominator_cohort_name &&& outcome_cohort_name","denominator_cohort_1 &&& neoplasm","overall","overall","Outcome",NA,"outcome_count","integer","-","incidence_start_date &&& incidence_end_date &&& analysis_interval","1947-01-01 &&& 1947-12-31 &&& years"
"1","postgres_omop","denominator_cohort_name &&& outcome_cohort_name","denominator_cohort_1 &&& neoplasm","overall","overall","Denominator",NA,"person_days","numeric","79115","incidence_start_date &&& incidence_end_date &&& analysis_interval","1947-01-01 &&& 1947-12-31 &&& years"
"1","postgres_omop","denominator_cohort_name &&& outcome_cohort_name","denominator_cohort_1 &&& neoplasm","overall","overall","Denominator",NA,"person_years","numeric","216.605","incidence_start_date &&& incidence_end_date &&& analysis_interval","1947-01-01 &&& 1947-12-31 &&& years"
"1","postgres_omop","denominator_cohort_name &&& outcome_cohort_name","denominator_cohort_1 &&& neoplasm","overall","overall","Outcome",NA,"incidence_100000_pys","numeric","-","incidence_start_date &&& incidence_end_date &&& analysis_interval","1947-01-01 &&& 1947-12-31 &&& years"
"1","postgres_omop","denominator_cohort_name &&& outcome_cohort_name","denominator_cohort_1 &&& neoplasm","overall","overall","Outcome",NA,"incidence_100000_pys_95CI_lower","numeric","-","incidence_start_date &&& incidence_end_date &&& analysis_interval","1947-01-01 &&& 1947-12-31 &&& years"
"1","postgres_omop","denominator_cohort_name &&& outcome_cohort_name","denominator_cohort_1 &&& neoplasm","overall","overall","Outcome",NA,"incidence_100000_pys_95CI_upper","numeric","-","incidence_start_date &&& incidence_end_date &&& analysis_interval","1947-01-01 &&& 1947-12-31 &&& years"
"1","postgres_omop","denominator_cohort_name &&& outcome_cohort_name","denominator_cohort_1 &&& neoplasm","overall","overall","Denominator",NA,"denominator_count","integer","238","incidence_start_date &&& incidence_end_date &&& analysis_interval","1948-01-01 &&& 1948-12-31 &&& years"
"1","postgres_omop","denominator_cohort_name &&& outcome_cohort_name","denominator_cohort_1 &&& neoplasm","overall","overall","Outcome",NA,"outcome_count","integer","-","incidence_start_date &&& incidence_end_date &&& analysis_interval","1948-01-01 &&& 1948-12-31 &&& years"
"1","postgres_omop","denominator_cohort_name &&& outcome_cohort_name","denominator_cohort_1 &&& neoplasm","overall","overall","Denominator",NA,"person_days","numeric","84147","incidence_start_date &&& incidence_end_date &&& analysis_interval","1948-01-01 &&& 1948-12-31 &&& years"
"1","postgres_omop","denominator_cohort_name &&& outcome_cohort_name","denominator_cohort_1 &&& neoplasm","overall","overall","Denominator",NA,"person_years","numeric","230.382","incidence_start_date &&& incidence_end_date &&& analysis_interval","1948-01-01 &&& 1948-12-31 &&& years"
"1","postgres_omop","denominator_cohort_name &&& outcome_cohort_name","denominator_cohort_1 &&& neoplasm","overall","overall","Outcome",NA,"incidence_100000_pys","numeric","-","incidence_start_date &&& incidence_end_date &&& analysis_interval","1948-01-01 &&& 1948-12-31 &&& years"
"1","postgres_omop","denominator_cohort_name &&& outcome_cohort_name","denominator_cohort_1 &&& neoplasm","overall","overall","Outcome",NA,"incidence_100000_pys_95CI_lower","numeric","-","incidence_start_date &&& incidence_end_date &&& analysis_interval","1948-01-01 &&& 1948-12-31 &&& years"
"1","postgres_omop","denominator_cohort_name &&& outcome_cohort_name","denominator_cohort_1 &&& neoplasm","overall","overall","Outcome",NA,"incidence_100000_pys_95CI_upper","numeric","-","incidence_start_date &&& incidence_end_date &&& analysis_interval","1948-01-01 &&& 1948-12-31 &&& years"
"1","postgres_omop","denominator_cohort_name &&& outcome_cohort_name","denominator_cohort_1 &&& neoplasm","overall","overall","Denominator",NA,"denominator_count","integer","260","incidence_start_date &&& incidence_end_date &&& analysis_interval","1949-01-01 &&& 1949-12-31 &&& years"
"1","postgres_omop","denominator_cohort_name &&& outcome_cohort_name","denominator_cohort_1 &&& neoplasm","overall","overall","Outcome",NA,"outcome_count","integer","-","incidence_start_date &&& incidence_end_date &&& analysis_interval","1949-01-01 &&& 1949-12-31 &&& years"
"1","postgres_omop","denominator_cohort_name &&& outcome_cohort_name","denominator_cohort_1 &&& neoplasm","overall","overall","Denominator",NA,"person_days","numeric","90323","incidence_start_date &&& incidence_end_date &&& analysis_interval","1949-01-01 &&& 1949-12-31 &&& years"
"1","postgres_omop","denominator_cohort_name &&& outcome_cohort_name","denominator_cohort_1 &&& neoplasm","overall","overall","Denominator",NA,"person_years","numeric","247.291","incidence_start_date &&& incidence_end_date &&& analysis_interval","1949-01-01 &&& 1949-12-31 &&& years"
"1","postgres_omop","denominator_cohort_name &&& outcome_cohort_name","denominator_cohort_1 &&& neoplasm","overall","overall","Outcome",NA,"incidence_100000_pys","numeric","-","incidence_start_date &&& incidence_end_date &&& analysis_interval","1949-01-01 &&& 1949-12-31 &&& years"
"1","postgres_omop","denominator_cohort_name &&& outcome_cohort_name","denominator_cohort_1 &&& neoplasm","overall","overall","Outcome",NA,"incidence_100000_pys_95CI_lower","numeric","-","incidence_start_date &&& incidence_end_date &&& analysis_interval","1949-01-01 &&& 1949-12-31 &&& years"
"1","postgres_omop","denominator_cohort_name &&& outcome_cohort_name","denominator_cohort_1 &&& neoplasm","overall","overall","Outcome",NA,"incidence_100000_pys_95CI_upper","numeric","-","incidence_start_date &&& incidence_end_date &&& analysis_interval","1949-01-01 &&& 1949-12-31 &&& years"
"1","postgres_omop","denominator_cohort_name &&& outcome_cohort_name","denominator_cohort_1 &&& neoplasm","overall","overall","Denominator",NA,"denominator_count","integer","291","incidence_start_date &&& incidence_end_date &&& analysis_interval","1950-01-01 &&& 1950-12-31 &&& years"
"1","postgres_omop","denominator_cohort_name &&& outcome_cohort_name","denominator_cohort_1 &&& neoplasm","overall","overall","Outcome",NA,"outcome_count","integer","-","incidence_start_date &&& incidence_end_date &&& analysis_interval","1950-01-01 &&& 1950-12-31 &&& years"
"1","postgres_omop","denominator_cohort_name &&& outcome_cohort_name","denominator_cohort_1 &&& neoplasm","overall","overall","Denominator",NA,"person_days","numeric","100819","incidence_start_date &&& incidence_end_date &&& analysis_interval","1950-01-01 &&& 1950-12-31 &&& years"
"1","postgres_omop","denominator_cohort_name &&& outcome_cohort_name","denominator_cohort_1 &&& neoplasm","overall","overall","Denominator",NA,"person_years","numeric","276.027","incidence_start_date &&& incidence_end_date &&& analysis_interval","1950-01-01 &&& 1950-12-31 &&& years"
"1","postgres_omop","denominator_cohort_name &&& outcome_cohort_name","denominator_cohort_1 &&& neoplasm","overall","overall","Outcome",NA,"incidence_100000_pys","numeric","-","incidence_start_date &&& incidence_end_date &&& analysis_interval","1950-01-01 &&& 1950-12-31 &&& years"
"1","postgres_omop","denominator_cohort_name &&& outcome_cohort_name","denominator_cohort_1 &&& neoplasm","overall","overall","Outcome",NA,"incidence_100000_pys_95CI_lower","numeric","-","incidence_start_date &&& incidence_end_date &&& analysis_interval","1950-01-01 &&& 1950-12-31 &&& years"
"1","postgres_omop","denominator_cohort_name &&& outcome_cohort_name","denominator_cohort_1 &&& neoplasm","overall","overall","Outcome",NA,"incidence_100000_pys_95CI_upper","numeric","-","incidence_start_date &&& incidence_end_date &&& analysis_interval","1950-01-01 &&& 1950-12-31 &&& years"
"1","postgres_omop","denominator_cohort_name &&& outcome_cohort_name","denominator_cohort_1 &&& neoplasm","overall","overall","Denominator",NA,"denominator_count","integer","313","incidence_start_date &&& incidence_end_date &&& analysis_interval","1951-01-01 &&& 1951-12-31 &&& years"
"1","postgres_omop","denominator_cohort_name &&& outcome_cohort_name","denominator_cohort_1 &&& neoplasm","overall","overall","Outcome",NA,"outcome_count","integer","0","incidence_start_date &&& incidence_end_date &&& analysis_interval","1951-01-01 &&& 1951-12-31 &&& years"
"1","postgres_omop","denominator_cohort_name &&& outcome_cohort_name","denominator_cohort_1 &&& neoplasm","overall","overall","Denominator",NA,"person_days","numeric","111043","incidence_start_date &&& incidence_end_date &&& analysis_interval","1951-01-01 &&& 1951-12-31 &&& years"
"1","postgres_omop","denominator_cohort_name &&& outcome_cohort_name","denominator_cohort_1 &&& neoplasm","overall","overall","Denominator",NA,"person_years","numeric","304.019","incidence_start_date &&& incidence_end_date &&& analysis_interval","1951-01-01 &&& 1951-12-31 &&& years"
"1","postgres_omop","denominator_cohort_name &&& outcome_cohort_name","denominator_cohort_1 &&& neoplasm","overall","overall","Outcome",NA,"incidence_100000_pys","numeric","0","incidence_start_date &&& incidence_end_date &&& analysis_interval","1951-01-01 &&& 1951-12-31 &&& years"
"1","postgres_omop","denominator_cohort_name &&& outcome_cohort_name","denominator_cohort_1 &&& neoplasm","overall","overall","Outcome",NA,"incidence_100000_pys_95CI_lower","numeric","0","incidence_start_date &&& incidence_end_date &&& analysis_interval","1951-01-01 &&& 1951-12-31 &&& years"
"1","postgres_omop","denominator_cohort_name &&& outcome_cohort_name","denominator_cohort_1 &&& neoplasm","overall","overall","Outcome",NA,"incidence_100000_pys_95CI_upper","numeric","1213.371","incidence_start_date &&& incidence_end_date &&& analysis_interval","1951-01-01 &&& 1951-12-31 &&& years"
"1","postgres_omop","denominator_cohort_name &&& outcome_cohort_name","denominator_cohort_1 &&& neoplasm","overall","overall","Denominator",NA,"denominator_count","integer","342","incidence_start_date &&& incidence_end_date &&& analysis_interval","1952-01-01 &&& 1952-12-31 &&& years"
"1","postgres_omop","denominator_cohort_name &&& outcome_cohort_name","denominator_cohort_1 &&& neoplasm","overall","overall","Outcome",NA,"outcome_count","integer","0","incidence_start_date &&& incidence_end_date &&& analysis_interval","1952-01-01 &&& 1952-12-31 &&& years"
"1","postgres_omop","denominator_cohort_name &&& outcome_cohort_name","denominator_cohort_1 &&& neoplasm","overall","overall","Denominator",NA,"person_days","numeric","118353","incidence_start_date &&& incidence_end_date &&& analysis_interval","1952-01-01 &&& 1952-12-31 &&& years"
"1","postgres_omop","denominator_cohort_name &&& outcome_cohort_name","denominator_cohort_1 &&& neoplasm","overall","overall","Denominator",NA,"person_years","numeric","324.033","incidence_start_date &&& incidence_end_date &&& analysis_interval","1952-01-01 &&& 1952-12-31 &&& years"
"1","postgres_omop","denominator_cohort_name &&& outcome_cohort_name","denominator_cohort_1 &&& neoplasm","overall","overall","Outcome",NA,"incidence_100000_pys","numeric","0","incidence_start_date &&& incidence_end_date &&& analysis_interval","1952-01-01 &&& 1952-12-31 &&& years"
"1","postgres_omop","denominator_cohort_name &&& outcome_cohort_name","denominator_cohort_1 &&& neoplasm","overall","overall","Outcome",NA,"incidence_100000_pys_95CI_lower","numeric","0","incidence_start_date &&& incidence_end_date &&& analysis_interval","1952-01-01 &&& 1952-12-31 &&& years"
"1","postgres_omop","denominator_cohort_name &&& outcome_cohort_name","denominator_cohort_1 &&& neoplasm","overall","overall","Outcome",NA,"incidence_100000_pys_95CI_upper","numeric","1138.427","incidence_start_date &&& incidence_end_date &&& analysis_interval","1952-01-01 &&& 1952-12-31 &&& years"
"1","postgres_omop","denominator_cohort_name &&& outcome_cohort_name","denominator_cohort_1 &&& neoplasm","overall","overall","Denominator",NA,"denominator_count","integer","369","incidence_start_date &&& incidence_end_date &&& analysis_interval","1953-01-01 &&& 1953-12-31 &&& years"
"1","postgres_omop","denominator_cohort_name &&& outcome_cohort_name","denominator_cohort_1 &&& neoplasm","overall","overall","Outcome",NA,"outcome_count","integer","0","incidence_start_date &&& incidence_end_date &&& analysis_interval","1953-01-01 &&& 1953-12-31 &&& years"
"1","postgres_omop","denominator_cohort_name &&& outcome_cohort_name","denominator_cohort_1 &&& neoplasm","overall","overall","Denominator",NA,"person_days","numeric","129043","incidence_start_date &&& incidence_end_date &&& analysis_interval","1953-01-01 &&& 1953-12-31 &&& years"
"1","postgres_omop","denominator_cohort_name &&& outcome_cohort_name","denominator_cohort_1 &&& neoplasm","overall","overall","Denominator",NA,"person_years","numeric","353.3","incidence_start_date &&& incidence_end_date &&& analysis_interval","1953-01-01 &&& 1953-12-31 &&& years"
"1","postgres_omop","denominator_cohort_name &&& outcome_cohort_name","denominator_cohort_1 &&& neoplasm","overall","overall","Outcome",NA,"incidence_100000_pys","numeric","0","incidence_start_date &&& incidence_end_date &&& analysis_interval","1953-01-01 &&& 1953-12-31 &&& years"
"1","postgres_omop","denominator_cohort_name &&& outcome_cohort_name","denominator_cohort_1 &&& neoplasm","overall","overall","Outcome",NA,"incidence_100000_pys_95CI_lower","numeric","0","incidence_start_date &&& incidence_end_date &&& analysis_interval","1953-01-01 &&& 1953-12-31 &&& years"
"1","postgres_omop","denominator_cohort_name &&& outcome_cohort_name","denominator_cohort_1 &&& neoplasm","overall","overall","Outcome",NA,"incidence_100000_pys_95CI_upper","numeric","1044.121","incidence_start_date &&& incidence_end_date &&& analysis_interval","1953-01-01 &&& 1953-12-31 &&& years"
"1","postgres_omop","denominator_cohort_name &&& outcome_cohort_name","denominator_cohort_1 &&& neoplasm","overall","overall","Denominator",NA,"denominator_count","integer","403","incidence_start_date &&& incidence_end_date &&& analysis_interval","1954-01-01 &&& 1954-12-31 &&& years"
"1","postgres_omop","denominator_cohort_name &&& outcome_cohort_name","denominator_cohort_1 &&& neoplasm","overall","overall","Outcome",NA,"outcome_count","integer","0","incidence_start_date &&& incidence_end_date &&& analysis_interval","1954-01-01 &&& 1954-12-31 &&& years"
"1","postgres_omop","denominator_cohort_name &&& outcome_cohort_name","denominator_cohort_1 &&& neoplasm","overall","overall","Denominator",NA,"person_days","numeric","140204","incidence_start_date &&& incidence_end_date &&& analysis_interval","1954-01-01 &&& 1954-12-31 &&& years"
"1","postgres_omop","denominator_cohort_name &&& outcome_cohort_name","denominator_cohort_1 &&& neoplasm","overall","overall","Denominator",NA,"person_years","numeric","383.858","incidence_start_date &&& incidence_end_date &&& analysis_interval","1954-01-01 &&& 1954-12-31 &&& years"
"1","postgres_omop","denominator_cohort_name &&& outcome_cohort_name","denominator_cohort_1 &&& neoplasm","overall","overall","Outcome",NA,"incidence_100000_pys","numeric","0","incidence_start_date &&& incidence_end_date &&& analysis_interval","1954-01-01 &&& 1954-12-31 &&& years"
"1","postgres_omop","denominator_cohort_name &&& outcome_cohort_name","denominator_cohort_1 &&& neoplasm","overall","overall","Outcome",NA,"incidence_100000_pys_95CI_lower","numeric","0","incidence_start_date &&& incidence_end_date &&& analysis_interval","1954-01-01 &&& 1954-12-31 &&& years"
"1","postgres_omop","denominator_cohort_name &&& outcome_cohort_name","denominator_cohort_1 &&& neoplasm","overall","overall","Outcome",NA,"incidence_100000_pys_95CI_upper","numeric","961.001","incidence_start_date &&& incidence_end_date &&& analysis_interval","1954-01-01 &&& 1954-12-31 &&& years"
"1","postgres_omop","denominator_cohort_name &&& outcome_cohort_name","denominator_cohort_1 &&& neoplasm","overall","overall","Denominator",NA,"denominator_count","integer","441","incidence_start_date &&& incidence_end_date &&& analysis_interval","1955-01-01 &&& 1955-12-31 &&& years"
"1","postgres_omop","denominator_cohort_name &&& outcome_cohort_name","denominator_cohort_1 &&& neoplasm","overall","overall","Outcome",NA,"outcome_count","integer","-","incidence_start_date &&& incidence_end_date &&& analysis_interval","1955-01-01 &&& 1955-12-31 &&& years"
"1","postgres_omop","denominator_cohort_name &&& outcome_cohort_name","denominator_cohort_1 &&& neoplasm","overall","overall","Denominator",NA,"person_days","numeric","152726","incidence_start_date &&& incidence_end_date &&& analysis_interval","1955-01-01 &&& 1955-12-31 &&& years"
"1","postgres_omop","denominator_cohort_name &&& outcome_cohort_name","denominator_cohort_1 &&& neoplasm","overall","overall","Denominator",NA,"person_years","numeric","418.141","incidence_start_date &&& incidence_end_date &&& analysis_interval","1955-01-01 &&& 1955-12-31 &&& years"
"1","postgres_omop","denominator_cohort_name &&& outcome_cohort_name","denominator_cohort_1 &&& neoplasm","overall","overall","Outcome",NA,"incidence_100000_pys","numeric","-","incidence_start_date &&& incidence_end_date &&& analysis_interval","1955-01-01 &&& 1955-12-31 &&& years"
"1","postgres_omop","denominator_cohort_name &&& outcome_cohort_name","denominator_cohort_1 &&& neoplasm","overall","overall","Outcome",NA,"incidence_100000_pys_95CI_lower","numeric","-","incidence_start_date &&& incidence_end_date &&& analysis_interval","1955-01-01 &&& 1955-12-31 &&& years"
"1","postgres_omop","denominator_cohort_name &&& outcome_cohort_name","denominator_cohort_1 &&& neoplasm","overall","overall","Outcome",NA,"incidence_100000_pys_95CI_upper","numeric","-","incidence_start_date &&& incidence_end_date &&& analysis_interval","1955-01-01 &&& 1955-12-31 &&& years"
"1","postgres_omop","denominator_cohort_name &&& outcome_cohort_name","denominator_cohort_1 &&& neoplasm","overall","overall","Denominator",NA,"denominator_count","integer","478","incidence_start_date &&& incidence_end_date &&& analysis_interval","1956-01-01 &&& 1956-12-31 &&& years"
"1","postgres_omop","denominator_cohort_name &&& outcome_cohort_name","denominator_cohort_1 &&& neoplasm","overall","overall","Outcome",NA,"outcome_count","integer","-","incidence_start_date &&& incidence_end_date &&& analysis_interval","1956-01-01 &&& 1956-12-31 &&& years"
"1","postgres_omop","denominator_cohort_name &&& outcome_cohort_name","denominator_cohort_1 &&& neoplasm","overall","overall","Denominator",NA,"person_days","numeric","168112","incidence_start_date &&& incidence_end_date &&& analysis_interval","1956-01-01 &&& 1956-12-31 &&& years"
"1","postgres_omop","denominator_cohort_name &&& outcome_cohort_name","denominator_cohort_1 &&& neoplasm","overall","overall","Denominator",NA,"person_years","numeric","460.266","incidence_start_date &&& incidence_end_date &&& analysis_interval","1956-01-01 &&& 1956-12-31 &&& years"
"1","postgres_omop","denominator_cohort_name &&& outcome_cohort_name","denominator_cohort_1 &&& neoplasm","overall","overall","Outcome",NA,"incidence_100000_pys","numeric","-","incidence_start_date &&& incidence_end_date &&& analysis_interval","1956-01-01 &&& 1956-12-31 &&& years"
"1","postgres_omop","denominator_cohort_name &&& outcome_cohort_name","denominator_cohort_1 &&& neoplasm","overall","overall","Outcome",NA,"incidence_100000_pys_95CI_lower","numeric","-","incidence_start_date &&& incidence_end_date &&& analysis_interval","1956-01-01 &&& 1956-12-31 &&& years"
"1","postgres_omop","denominator_cohort_name &&& outcome_cohort_name","denominator_cohort_1 &&& neoplasm","overall","overall","Outcome",NA,"incidence_100000_pys_95CI_upper","numeric","-","incidence_start_date &&& incidence_end_date &&& analysis_interval","1956-01-01 &&& 1956-12-31 &&& years"
"1","postgres_omop","denominator_cohort_name &&& outcome_cohort_name","denominator_cohort_1 &&& neoplasm","overall","overall","Denominator",NA,"denominator_count","integer","517","incidence_start_date &&& incidence_end_date &&& analysis_interval","1957-01-01 &&& 1957-12-31 &&& years"
"1","postgres_omop","denominator_cohort_name &&& outcome_cohort_name","denominator_cohort_1 &&& neoplasm","overall","overall","Outcome",NA,"outcome_count","integer","0","incidence_start_date &&& incidence_end_date &&& analysis_interval","1957-01-01 &&& 1957-12-31 &&& years"
"1","postgres_omop","denominator_cohort_name &&& outcome_cohort_name","denominator_cohort_1 &&& neoplasm","overall","overall","Denominator",NA,"person_days","numeric","180613","incidence_start_date &&& incidence_end_date &&& analysis_interval","1957-01-01 &&& 1957-12-31 &&& years"
"1","postgres_omop","denominator_cohort_name &&& outcome_cohort_name","denominator_cohort_1 &&& neoplasm","overall","overall","Denominator",NA,"person_years","numeric","494.491","incidence_start_date &&& incidence_end_date &&& analysis_interval","1957-01-01 &&& 1957-12-31 &&& years"
"1","postgres_omop","denominator_cohort_name &&& outcome_cohort_name","denominator_cohort_1 &&& neoplasm","overall","overall","Outcome",NA,"incidence_100000_pys","numeric","0","incidence_start_date &&& incidence_end_date &&& analysis_interval","1957-01-01 &&& 1957-12-31 &&& years"
"1","postgres_omop","denominator_cohort_name &&& outcome_cohort_name","denominator_cohort_1 &&& neoplasm","overall","overall","Outcome",NA,"incidence_100000_pys_95CI_lower","numeric","0","incidence_start_date &&& incidence_end_date &&& analysis_interval","1957-01-01 &&& 1957-12-31 &&& years"
"1","postgres_omop","denominator_cohort_name &&& outcome_cohort_name","denominator_cohort_1 &&& neoplasm","overall","overall","Outcome",NA,"incidence_100000_pys_95CI_upper","numeric","745.995","incidence_start_date &&& incidence_end_date &&& analysis_interval","1957-01-01 &&& 1957-12-31 &&& years"
"1","postgres_omop","denominator_cohort_name &&& outcome_cohort_name","denominator_cohort_1 &&& neoplasm","overall","overall","Denominator",NA,"denominator_count","integer","553","incidence_start_date &&& incidence_end_date &&& analysis_interval","1958-01-01 &&& 1958-12-31 &&& years"
"1","postgres_omop","denominator_cohort_name &&& outcome_cohort_name","denominator_cohort_1 &&& neoplasm","overall","overall","Outcome",NA,"outcome_count","integer","0","incidence_start_date &&& incidence_end_date &&& analysis_interval","1958-01-01 &&& 1958-12-31 &&& years"
"1","postgres_omop","denominator_cohort_name &&& outcome_cohort_name","denominator_cohort_1 &&& neoplasm","overall","overall","Denominator",NA,"person_days","numeric","196064","incidence_start_date &&& incidence_end_date &&& analysis_interval","1958-01-01 &&& 1958-12-31 &&& years"
"1","postgres_omop","denominator_cohort_name &&& outcome_cohort_name","denominator_cohort_1 &&& neoplasm","overall","overall","Denominator",NA,"person_years","numeric","536.794","incidence_start_date &&& incidence_end_date &&& analysis_interval","1958-01-01 &&& 1958-12-31 &&& years"
"1","postgres_omop","denominator_cohort_name &&& outcome_cohort_name","denominator_cohort_1 &&& neoplasm","overall","overall","Outcome",NA,"incidence_100000_pys","numeric","0","incidence_start_date &&& incidence_end_date &&& analysis_interval","1958-01-01 &&& 1958-12-31 &&& years"
"1","postgres_omop","denominator_cohort_name &&& outcome_cohort_name","denominator_cohort_1 &&& neoplasm","overall","overall","Outcome",NA,"incidence_100000_pys_95CI_lower","numeric","0","incidence_start_date &&& incidence_end_date &&& analysis_interval","1958-01-01 &&& 1958-12-31 &&& years"
"1","postgres_omop","denominator_cohort_name &&& outcome_cohort_name","denominator_cohort_1 &&& neoplasm","overall","overall","Outcome",NA,"incidence_100000_pys_95CI_upper","numeric","687.206","incidence_start_date &&& incidence_end_date &&& analysis_interval","1958-01-01 &&& 1958-12-31 &&& years"
"1","postgres_omop","denominator_cohort_name &&& outcome_cohort_name","denominator_cohort_1 &&& neoplasm","overall","overall","Denominator",NA,"denominator_count","integer","588","incidence_start_date &&& incidence_end_date &&& analysis_interval","1959-01-01 &&& 1959-12-31 &&& years"
"1","postgres_omop","denominator_cohort_name &&& outcome_cohort_name","denominator_cohort_1 &&& neoplasm","overall","overall","Outcome",NA,"outcome_count","integer","0","incidence_start_date &&& incidence_end_date &&& analysis_interval","1959-01-01 &&& 1959-12-31 &&& years"
"1","postgres_omop","denominator_cohort_name &&& outcome_cohort_name","denominator_cohort_1 &&& neoplasm","overall","overall","Denominator",NA,"person_days","numeric","208655","incidence_start_date &&& incidence_end_date &&& analysis_interval","1959-01-01 &&& 1959-12-31 &&& years"
"1","postgres_omop","denominator_cohort_name &&& outcome_cohort_name","denominator_cohort_1 &&& neoplasm","overall","overall","Denominator",NA,"person_years","numeric","571.266","incidence_start_date &&& incidence_end_date &&& analysis_interval","1959-01-01 &&& 1959-12-31 &&& years"
"1","postgres_omop","denominator_cohort_name &&& outcome_cohort_name","denominator_cohort_1 &&& neoplasm","overall","overall","Outcome",NA,"incidence_100000_pys","numeric","0","incidence_start_date &&& incidence_end_date &&& analysis_interval","1959-01-01 &&& 1959-12-31 &&& years"
"1","postgres_omop","denominator_cohort_name &&& outcome_cohort_name","denominator_cohort_1 &&& neoplasm","overall","overall","Outcome",NA,"incidence_100000_pys_95CI_lower","numeric","0","incidence_start_date &&& incidence_end_date &&& analysis_interval","1959-01-01 &&& 1959-12-31 &&& years"
"1","postgres_omop","denominator_cohort_name &&& outcome_cohort_name","denominator_cohort_1 &&& neoplasm","overall","overall","Outcome",NA,"incidence_100000_pys_95CI_upper","numeric","645.738","incidence_start_date &&& incidence_end_date &&& analysis_interval","1959-01-01 &&& 1959-12-31 &&& years"
"1","postgres_omop","denominator_cohort_name &&& outcome_cohort_name","denominator_cohort_1 &&& neoplasm","overall","overall","Denominator",NA,"denominator_count","integer","625","incidence_start_date &&& incidence_end_date &&& analysis_interval","1960-01-01 &&& 1960-12-31 &&& years"
"1","postgres_omop","denominator_cohort_name &&& outcome_cohort_name","denominator_cohort_1 &&& neoplasm","overall","overall","Outcome",NA,"outcome_count","integer","-","incidence_start_date &&& incidence_end_date &&& analysis_interval","1960-01-01 &&& 1960-12-31 &&& years"
"1","postgres_omop","denominator_cohort_name &&& outcome_cohort_name","denominator_cohort_1 &&& neoplasm","overall","overall","Denominator",NA,"person_days","numeric","222322","incidence_start_date &&& incidence_end_date &&& analysis_interval","1960-01-01 &&& 1960-12-31 &&& years"
"1","postgres_omop","denominator_cohort_name &&& outcome_cohort_name","denominator_cohort_1 &&& neoplasm","overall","overall","Denominator",NA,"person_years","numeric","608.684","incidence_start_date &&& incidence_end_date &&& analysis_interval","1960-01-01 &&& 1960-12-31 &&& years"
"1","postgres_omop","denominator_cohort_name &&& outcome_cohort_name","denominator_cohort_1 &&& neoplasm","overall","overall","Outcome",NA,"incidence_100000_pys","numeric","-","incidence_start_date &&& incidence_end_date &&& analysis_interval","1960-01-01 &&& 1960-12-31 &&& years"
"1","postgres_omop","denominator_cohort_name &&& outcome_cohort_name","denominator_cohort_1 &&& neoplasm","overall","overall","Outcome",NA,"incidence_100000_pys_95CI_lower","numeric","-","incidence_start_date &&& incidence_end_date &&& analysis_interval","1960-01-01 &&& 1960-12-31 &&& years"
"1","postgres_omop","denominator_cohort_name &&& outcome_cohort_name","denominator_cohort_1 &&& neoplasm","overall","overall","Outcome",NA,"incidence_100000_pys_95CI_upper","numeric","-","incidence_start_date &&& incidence_end_date &&& analysis_interval","1960-01-01 &&& 1960-12-31 &&& years"
"1","postgres_omop","denominator_cohort_name &&& outcome_cohort_name","denominator_cohort_1 &&& neoplasm","overall","overall","Denominator",NA,"denominator_count","integer","651","incidence_start_date &&& incidence_end_date &&& analysis_interval","1961-01-01 &&& 1961-12-31 &&& years"
"1","postgres_omop","denominator_cohort_name &&& outcome_cohort_name","denominator_cohort_1 &&& neoplasm","overall","overall","Outcome",NA,"outcome_count","integer","-","incidence_start_date &&& incidence_end_date &&& analysis_interval","1961-01-01 &&& 1961-12-31 &&& years"
"1","postgres_omop","denominator_cohort_name &&& outcome_cohort_name","denominator_cohort_1 &&& neoplasm","overall","overall","Denominator",NA,"person_days","numeric","232144","incidence_start_date &&& incidence_end_date &&& analysis_interval","1961-01-01 &&& 1961-12-31 &&& years"
"1","postgres_omop","denominator_cohort_name &&& outcome_cohort_name","denominator_cohort_1 &&& neoplasm","overall","overall","Denominator",NA,"person_years","numeric","635.576","incidence_start_date &&& incidence_end_date &&& analysis_interval","1961-01-01 &&& 1961-12-31 &&& years"
"1","postgres_omop","denominator_cohort_name &&& outcome_cohort_name","denominator_cohort_1 &&& neoplasm","overall","overall","Outcome",NA,"incidence_100000_pys","numeric","-","incidence_start_date &&& incidence_end_date &&& analysis_interval","1961-01-01 &&& 1961-12-31 &&& years"
"1","postgres_omop","denominator_cohort_name &&& outcome_cohort_name","denominator_cohort_1 &&& neoplasm","overall","overall","Outcome",NA,"incidence_100000_pys_95CI_lower","numeric","-","incidence_start_date &&& incidence_end_date &&& analysis_interval","1961-01-01 &&& 1961-12-31 &&& years"
"1","postgres_omop","denominator_cohort_name &&& outcome_cohort_name","denominator_cohort_1 &&& neoplasm","overall","overall","Outcome",NA,"incidence_100000_pys_95CI_upper","numeric","-","incidence_start_date &&& incidence_end_date &&& analysis_interval","1961-01-01 &&& 1961-12-31 &&& years"
"1","postgres_omop","denominator_cohort_name &&& outcome_cohort_name","denominator_cohort_1 &&& neoplasm","overall","overall","Denominator",NA,"denominator_count","integer","679","incidence_start_date &&& incidence_end_date &&& analysis_interval","1962-01-01 &&& 1962-12-31 &&& years"
"1","postgres_omop","denominator_cohort_name &&& outcome_cohort_name","denominator_cohort_1 &&& neoplasm","overall","overall","Outcome",NA,"outcome_count","integer","0","incidence_start_date &&& incidence_end_date &&& analysis_interval","1962-01-01 &&& 1962-12-31 &&& years"
"1","postgres_omop","denominator_cohort_name &&& outcome_cohort_name","denominator_cohort_1 &&& neoplasm","overall","overall","Denominator",NA,"person_days","numeric","243143","incidence_start_date &&& incidence_end_date &&& analysis_interval","1962-01-01 &&& 1962-12-31 &&& years"
"1","postgres_omop","denominator_cohort_name &&& outcome_cohort_name","denominator_cohort_1 &&& neoplasm","overall","overall","Denominator",NA,"person_years","numeric","665.689","incidence_start_date &&& incidence_end_date &&& analysis_interval","1962-01-01 &&& 1962-12-31 &&& years"
"1","postgres_omop","denominator_cohort_name &&& outcome_cohort_name","denominator_cohort_1 &&& neoplasm","overall","overall","Outcome",NA,"incidence_100000_pys","numeric","0","incidence_start_date &&& incidence_end_date &&& analysis_interval","1962-01-01 &&& 1962-12-31 &&& years"
"1","postgres_omop","denominator_cohort_name &&& outcome_cohort_name","denominator_cohort_1 &&& neoplasm","overall","overall","Outcome",NA,"incidence_100000_pys_95CI_lower","numeric","0","incidence_start_date &&& incidence_end_date &&& analysis_interval","1962-01-01 &&& 1962-12-31 &&& years"
"1","postgres_omop","denominator_cohort_name &&& outcome_cohort_name","denominator_cohort_1 &&& neoplasm","overall","overall","Outcome",NA,"incidence_100000_pys_95CI_upper","numeric","554.145","incidence_start_date &&& incidence_end_date &&& analysis_interval","1962-01-01 &&& 1962-12-31 &&& years"
"1","postgres_omop","denominator_cohort_name &&& outcome_cohort_name","denominator_cohort_1 &&& neoplasm","overall","overall","Denominator",NA,"denominator_count","integer","708","incidence_start_date &&& incidence_end_date &&& analysis_interval","1963-01-01 &&& 1963-12-31 &&& years"
"1","postgres_omop","denominator_cohort_name &&& outcome_cohort_name","denominator_cohort_1 &&& neoplasm","overall","overall","Outcome",NA,"outcome_count","integer","-","incidence_start_date &&& incidence_end_date &&& analysis_interval","1963-01-01 &&& 1963-12-31 &&& years"
"1","postgres_omop","denominator_cohort_name &&& outcome_cohort_name","denominator_cohort_1 &&& neoplasm","overall","overall","Denominator",NA,"person_days","numeric","252765","incidence_start_date &&& incidence_end_date &&& analysis_interval","1963-01-01 &&& 1963-12-31 &&& years"
"1","postgres_omop","denominator_cohort_name &&& outcome_cohort_name","denominator_cohort_1 &&& neoplasm","overall","overall","Denominator",NA,"person_years","numeric","692.033","incidence_start_date &&& incidence_end_date &&& analysis_interval","1963-01-01 &&& 1963-12-31 &&& years"
"1","postgres_omop","denominator_cohort_name &&& outcome_cohort_name","denominator_cohort_1 &&& neoplasm","overall","overall","Outcome",NA,"incidence_100000_pys","numeric","-","incidence_start_date &&& incidence_end_date &&& analysis_interval","1963-01-01 &&& 1963-12-31 &&& years"
"1","postgres_omop","denominator_cohort_name &&& outcome_cohort_name","denominator_cohort_1 &&& neoplasm","overall","overall","Outcome",NA,"incidence_100000_pys_95CI_lower","numeric","-","incidence_start_date &&& incidence_end_date &&& analysis_interval","1963-01-01 &&& 1963-12-31 &&& years"
"1","postgres_omop","denominator_cohort_name &&& outcome_cohort_name","denominator_cohort_1 &&& neoplasm","overall","overall","Outcome",NA,"incidence_100000_pys_95CI_upper","numeric","-","incidence_start_date &&& incidence_end_date &&& analysis_interval","1963-01-01 &&& 1963-12-31 &&& years"
"1","postgres_omop","denominator_cohort_name &&& outcome_cohort_name","denominator_cohort_1 &&& neoplasm","overall","overall","Denominator",NA,"denominator_count","integer","747","incidence_start_date &&& incidence_end_date &&& analysis_interval","1964-01-01 &&& 1964-12-31 &&& years"
"1","postgres_omop","denominator_cohort_name &&& outcome_cohort_name","denominator_cohort_1 &&& neoplasm","overall","overall","Outcome",NA,"outcome_count","integer","0","incidence_start_date &&& incidence_end_date &&& analysis_interval","1964-01-01 &&& 1964-12-31 &&& years"
"1","postgres_omop","denominator_cohort_name &&& outcome_cohort_name","denominator_cohort_1 &&& neoplasm","overall","overall","Denominator",NA,"person_days","numeric","265389","incidence_start_date &&& incidence_end_date &&& analysis_interval","1964-01-01 &&& 1964-12-31 &&& years"
"1","postgres_omop","denominator_cohort_name &&& outcome_cohort_name","denominator_cohort_1 &&& neoplasm","overall","overall","Denominator",NA,"person_years","numeric","726.595","incidence_start_date &&& incidence_end_date &&& analysis_interval","1964-01-01 &&& 1964-12-31 &&& years"
"1","postgres_omop","denominator_cohort_name &&& outcome_cohort_name","denominator_cohort_1 &&& neoplasm","overall","overall","Outcome",NA,"incidence_100000_pys","numeric","0","incidence_start_date &&& incidence_end_date &&& analysis_interval","1964-01-01 &&& 1964-12-31 &&& years"
"1","postgres_omop","denominator_cohort_name &&& outcome_cohort_name","denominator_cohort_1 &&& neoplasm","overall","overall","Outcome",NA,"incidence_100000_pys_95CI_lower","numeric","0","incidence_start_date &&& incidence_end_date &&& analysis_interval","1964-01-01 &&& 1964-12-31 &&& years"
"1","postgres_omop","denominator_cohort_name &&& outcome_cohort_name","denominator_cohort_1 &&& neoplasm","overall","overall","Outcome",NA,"incidence_100000_pys_95CI_upper","numeric","507.694","incidence_start_date &&& incidence_end_date &&& analysis_interval","1964-01-01 &&& 1964-12-31 &&& years"
"1","postgres_omop","denominator_cohort_name &&& outcome_cohort_name","denominator_cohort_1 &&& neoplasm","overall","overall","Denominator",NA,"denominator_count","integer","783","incidence_start_date &&& incidence_end_date &&& analysis_interval","1965-01-01 &&& 1965-12-31 &&& years"
"1","postgres_omop","denominator_cohort_name &&& outcome_cohort_name","denominator_cohort_1 &&& neoplasm","overall","overall","Outcome",NA,"outcome_count","integer","0","incidence_start_date &&& incidence_end_date &&& analysis_interval","1965-01-01 &&& 1965-12-31 &&& years"
"1","postgres_omop","denominator_cohort_name &&& outcome_cohort_name","denominator_cohort_1 &&& neoplasm","overall","overall","Denominator",NA,"person_days","numeric","277726","incidence_start_date &&& incidence_end_date &&& analysis_interval","1965-01-01 &&& 1965-12-31 &&& years"
"1","postgres_omop","denominator_cohort_name &&& outcome_cohort_name","denominator_cohort_1 &&& neoplasm","overall","overall","Denominator",NA,"person_years","numeric","760.372","incidence_start_date &&& incidence_end_date &&& analysis_interval","1965-01-01 &&& 1965-12-31 &&& years"
"1","postgres_omop","denominator_cohort_name &&& outcome_cohort_name","denominator_cohort_1 &&& neoplasm","overall","overall","Outcome",NA,"incidence_100000_pys","numeric","0","incidence_start_date &&& incidence_end_date &&& analysis_interval","1965-01-01 &&& 1965-12-31 &&& years"
"1","postgres_omop","denominator_cohort_name &&& outcome_cohort_name","denominator_cohort_1 &&& neoplasm","overall","overall","Outcome",NA,"incidence_100000_pys_95CI_lower","numeric","0","incidence_start_date &&& incidence_end_date &&& analysis_interval","1965-01-01 &&& 1965-12-31 &&& years"
"1","postgres_omop","denominator_cohort_name &&& outcome_cohort_name","denominator_cohort_1 &&& neoplasm","overall","overall","Outcome",NA,"incidence_100000_pys_95CI_upper","numeric","485.141","incidence_start_date &&& incidence_end_date &&& analysis_interval","1965-01-01 &&& 1965-12-31 &&& years"
"1","postgres_omop","denominator_cohort_name &&& outcome_cohort_name","denominator_cohort_1 &&& neoplasm","overall","overall","Denominator",NA,"denominator_count","integer","814","incidence_start_date &&& incidence_end_date &&& analysis_interval","1966-01-01 &&& 1966-12-31 &&& years"
"1","postgres_omop","denominator_cohort_name &&& outcome_cohort_name","denominator_cohort_1 &&& neoplasm","overall","overall","Outcome",NA,"outcome_count","integer","-","incidence_start_date &&& incidence_end_date &&& analysis_interval","1966-01-01 &&& 1966-12-31 &&& years"
"1","postgres_omop","denominator_cohort_name &&& outcome_cohort_name","denominator_cohort_1 &&& neoplasm","overall","overall","Denominator",NA,"person_days","numeric","289846","incidence_start_date &&& incidence_end_date &&& analysis_interval","1966-01-01 &&& 1966-12-31 &&& years"
"1","postgres_omop","denominator_cohort_name &&& outcome_cohort_name","denominator_cohort_1 &&& neoplasm","overall","overall","Denominator",NA,"person_years","numeric","793.555","incidence_start_date &&& incidence_end_date &&& analysis_interval","1966-01-01 &&& 1966-12-31 &&& years"
"1","postgres_omop","denominator_cohort_name &&& outcome_cohort_name","denominator_cohort_1 &&& neoplasm","overall","overall","Outcome",NA,"incidence_100000_pys","numeric","-","incidence_start_date &&& incidence_end_date &&& analysis_interval","1966-01-01 &&& 1966-12-31 &&& years"
"1","postgres_omop","denominator_cohort_name &&& outcome_cohort_name","denominator_cohort_1 &&& neoplasm","overall","overall","Outcome",NA,"incidence_100000_pys_95CI_lower","numeric","-","incidence_start_date &&& incidence_end_date &&& analysis_interval","1966-01-01 &&& 1966-12-31 &&& years"
"1","postgres_omop","denominator_cohort_name &&& outcome_cohort_name","denominator_cohort_1 &&& neoplasm","overall","overall","Outcome",NA,"incidence_100000_pys_95CI_upper","numeric","-","incidence_start_date &&& incidence_end_date &&& analysis_interval","1966-01-01 &&& 1966-12-31 &&& years"
"1","postgres_omop","denominator_cohort_name &&& outcome_cohort_name","denominator_cohort_1 &&& neoplasm","overall","overall","Denominator",NA,"denominator_count","integer","852","incidence_start_date &&& incidence_end_date &&& analysis_interval","1967-01-01 &&& 1967-12-31 &&& years"
"1","postgres_omop","denominator_cohort_name &&& outcome_cohort_name","denominator_cohort_1 &&& neoplasm","overall","overall","Outcome",NA,"outcome_count","integer","-","incidence_start_date &&& incidence_end_date &&& analysis_interval","1967-01-01 &&& 1967-12-31 &&& years"
"1","postgres_omop","denominator_cohort_name &&& outcome_cohort_name","denominator_cohort_1 &&& neoplasm","overall","overall","Denominator",NA,"person_days","numeric","303793","incidence_start_date &&& incidence_end_date &&& analysis_interval","1967-01-01 &&& 1967-12-31 &&& years"
"1","postgres_omop","denominator_cohort_name &&& outcome_cohort_name","denominator_cohort_1 &&& neoplasm","overall","overall","Denominator",NA,"person_years","numeric","831.74","incidence_start_date &&& incidence_end_date &&& analysis_interval","1967-01-01 &&& 1967-12-31 &&& years"
"1","postgres_omop","denominator_cohort_name &&& outcome_cohort_name","denominator_cohort_1 &&& neoplasm","overall","overall","Outcome",NA,"incidence_100000_pys","numeric","-","incidence_start_date &&& incidence_end_date &&& analysis_interval","1967-01-01 &&& 1967-12-31 &&& years"
"1","postgres_omop","denominator_cohort_name &&& outcome_cohort_name","denominator_cohort_1 &&& neoplasm","overall","overall","Outcome",NA,"incidence_100000_pys_95CI_lower","numeric","-","incidence_start_date &&& incidence_end_date &&& analysis_interval","1967-01-01 &&& 1967-12-31 &&& years"
"1","postgres_omop","denominator_cohort_name &&& outcome_cohort_name","denominator_cohort_1 &&& neoplasm","overall","overall","Outcome",NA,"incidence_100000_pys_95CI_upper","numeric","-","incidence_start_date &&& incidence_end_date &&& analysis_interval","1967-01-01 &&& 1967-12-31 &&& years"
"1","postgres_omop","denominator_cohort_name &&& outcome_cohort_name","denominator_cohort_1 &&& neoplasm","overall","overall","Denominator",NA,"denominator_count","integer","894","incidence_start_date &&& incidence_end_date &&& analysis_interval","1968-01-01 &&& 1968-12-31 &&& years"
"1","postgres_omop","denominator_cohort_name &&& outcome_cohort_name","denominator_cohort_1 &&& neoplasm","overall","overall","Outcome",NA,"outcome_count","integer","0","incidence_start_date &&& incidence_end_date &&& analysis_interval","1968-01-01 &&& 1968-12-31 &&& years"
"1","postgres_omop","denominator_cohort_name &&& outcome_cohort_name","denominator_cohort_1 &&& neoplasm","overall","overall","Denominator",NA,"person_days","numeric","319468","incidence_start_date &&& incidence_end_date &&& analysis_interval","1968-01-01 &&& 1968-12-31 &&& years"
"1","postgres_omop","denominator_cohort_name &&& outcome_cohort_name","denominator_cohort_1 &&& neoplasm","overall","overall","Denominator",NA,"person_years","numeric","874.656","incidence_start_date &&& incidence_end_date &&& analysis_interval","1968-01-01 &&& 1968-12-31 &&& years"
"1","postgres_omop","denominator_cohort_name &&& outcome_cohort_name","denominator_cohort_1 &&& neoplasm","overall","overall","Outcome",NA,"incidence_100000_pys","numeric","0","incidence_start_date &&& incidence_end_date &&& analysis_interval","1968-01-01 &&& 1968-12-31 &&& years"
"1","postgres_omop","denominator_cohort_name &&& outcome_cohort_name","denominator_cohort_1 &&& neoplasm","overall","overall","Outcome",NA,"incidence_100000_pys_95CI_lower","numeric","0","incidence_start_date &&& incidence_end_date &&& analysis_interval","1968-01-01 &&& 1968-12-31 &&& years"
"1","postgres_omop","denominator_cohort_name &&& outcome_cohort_name","denominator_cohort_1 &&& neoplasm","overall","overall","Outcome",NA,"incidence_100000_pys_95CI_upper","numeric","421.752","incidence_start_date &&& incidence_end_date &&& analysis_interval","1968-01-01 &&& 1968-12-31 &&& years"
"1","postgres_omop","denominator_cohort_name &&& outcome_cohort_name","denominator_cohort_1 &&& neoplasm","overall","overall","Denominator",NA,"denominator_count","integer","931","incidence_start_date &&& incidence_end_date &&& analysis_interval","1969-01-01 &&& 1969-12-31 &&& years"
"1","postgres_omop","denominator_cohort_name &&& outcome_cohort_name","denominator_cohort_1 &&& neoplasm","overall","overall","Outcome",NA,"outcome_count","integer","-","incidence_start_date &&& incidence_end_date &&& analysis_interval","1969-01-01 &&& 1969-12-31 &&& years"
"1","postgres_omop","denominator_cohort_name &&& outcome_cohort_name","denominator_cohort_1 &&& neoplasm","overall","overall","Denominator",NA,"person_days","numeric","333532","incidence_start_date &&& incidence_end_date &&& analysis_interval","1969-01-01 &&& 1969-12-31 &&& years"
"1","postgres_omop","denominator_cohort_name &&& outcome_cohort_name","denominator_cohort_1 &&& neoplasm","overall","overall","Denominator",NA,"person_years","numeric","913.161","incidence_start_date &&& incidence_end_date &&& analysis_interval","1969-01-01 &&& 1969-12-31 &&& years"
"1","postgres_omop","denominator_cohort_name &&& outcome_cohort_name","denominator_cohort_1 &&& neoplasm","overall","overall","Outcome",NA,"incidence_100000_pys","numeric","-","incidence_start_date &&& incidence_end_date &&& analysis_interval","1969-01-01 &&& 1969-12-31 &&& years"
"1","postgres_omop","denominator_cohort_name &&& outcome_cohort_name","denominator_cohort_1 &&& neoplasm","overall","overall","Outcome",NA,"incidence_100000_pys_95CI_lower","numeric","-","incidence_start_date &&& incidence_end_date &&& analysis_interval","1969-01-01 &&& 1969-12-31 &&& years"
"1","postgres_omop","denominator_cohort_name &&& outcome_cohort_name","denominator_cohort_1 &&& neoplasm","overall","overall","Outcome",NA,"incidence_100000_pys_95CI_upper","numeric","-","incidence_start_date &&& incidence_end_date &&& analysis_interval","1969-01-01 &&& 1969-12-31 &&& years"
"1","postgres_omop","denominator_cohort_name &&& outcome_cohort_name","denominator_cohort_1 &&& neoplasm","overall","overall","Denominator",NA,"denominator_count","integer","981","incidence_start_date &&& incidence_end_date &&& analysis_interval","1970-01-01 &&& 1970-12-31 &&& years"
"1","postgres_omop","denominator_cohort_name &&& outcome_cohort_name","denominator_cohort_1 &&& neoplasm","overall","overall","Outcome",NA,"outcome_count","integer","-","incidence_start_date &&& incidence_end_date &&& analysis_interval","1970-01-01 &&& 1970-12-31 &&& years"
"1","postgres_omop","denominator_cohort_name &&& outcome_cohort_name","denominator_cohort_1 &&& neoplasm","overall","overall","Denominator",NA,"person_days","numeric","349432","incidence_start_date &&& incidence_end_date &&& analysis_interval","1970-01-01 &&& 1970-12-31 &&& years"
"1","postgres_omop","denominator_cohort_name &&& outcome_cohort_name","denominator_cohort_1 &&& neoplasm","overall","overall","Denominator",NA,"person_years","numeric","956.693","incidence_start_date &&& incidence_end_date &&& analysis_interval","1970-01-01 &&& 1970-12-31 &&& years"
"1","postgres_omop","denominator_cohort_name &&& outcome_cohort_name","denominator_cohort_1 &&& neoplasm","overall","overall","Outcome",NA,"incidence_100000_pys","numeric","-","incidence_start_date &&& incidence_end_date &&& analysis_interval","1970-01-01 &&& 1970-12-31 &&& years"
"1","postgres_omop","denominator_cohort_name &&& outcome_cohort_name","denominator_cohort_1 &&& neoplasm","overall","overall","Outcome",NA,"incidence_100000_pys_95CI_lower","numeric","-","incidence_start_date &&& incidence_end_date &&& analysis_interval","1970-01-01 &&& 1970-12-31 &&& years"
"1","postgres_omop","denominator_cohort_name &&& outcome_cohort_name","denominator_cohort_1 &&& neoplasm","overall","overall","Outcome",NA,"incidence_100000_pys_95CI_upper","numeric","-","incidence_start_date &&& incidence_end_date &&& analysis_interval","1970-01-01 &&& 1970-12-31 &&& years"
"1","postgres_omop","denominator_cohort_name &&& outcome_cohort_name","denominator_cohort_1 &&& neoplasm","overall","overall","Denominator",NA,"denominator_count","integer","1049","incidence_start_date &&& incidence_end_date &&& analysis_interval","1971-01-01 &&& 1971-12-31 &&& years"
"1","postgres_omop","denominator_cohort_name &&& outcome_cohort_name","denominator_cohort_1 &&& neoplasm","overall","overall","Outcome",NA,"outcome_count","integer","0","incidence_start_date &&& incidence_end_date &&& analysis_interval","1971-01-01 &&& 1971-12-31 &&& years"
"1","postgres_omop","denominator_cohort_name &&& outcome_cohort_name","denominator_cohort_1 &&& neoplasm","overall","overall","Denominator",NA,"person_days","numeric","371323","incidence_start_date &&& incidence_end_date &&& analysis_interval","1971-01-01 &&& 1971-12-31 &&& years"
"1","postgres_omop","denominator_cohort_name &&& outcome_cohort_name","denominator_cohort_1 &&& neoplasm","overall","overall","Denominator",NA,"person_years","numeric","1016.627","incidence_start_date &&& incidence_end_date &&& analysis_interval","1971-01-01 &&& 1971-12-31 &&& years"
"1","postgres_omop","denominator_cohort_name &&& outcome_cohort_name","denominator_cohort_1 &&& neoplasm","overall","overall","Outcome",NA,"incidence_100000_pys","numeric","0","incidence_start_date &&& incidence_end_date &&& analysis_interval","1971-01-01 &&& 1971-12-31 &&& years"
"1","postgres_omop","denominator_cohort_name &&& outcome_cohort_name","denominator_cohort_1 &&& neoplasm","overall","overall","Outcome",NA,"incidence_100000_pys_95CI_lower","numeric","0","incidence_start_date &&& incidence_end_date &&& analysis_interval","1971-01-01 &&& 1971-12-31 &&& years"
"1","postgres_omop","denominator_cohort_name &&& outcome_cohort_name","denominator_cohort_1 &&& neoplasm","overall","overall","Outcome",NA,"incidence_100000_pys_95CI_upper","numeric","362.855","incidence_start_date &&& incidence_end_date &&& analysis_interval","1971-01-01 &&& 1971-12-31 &&& years"
"1","postgres_omop","denominator_cohort_name &&& outcome_cohort_name","denominator_cohort_1 &&& neoplasm","overall","overall","Denominator",NA,"denominator_count","integer","1135","incidence_start_date &&& incidence_end_date &&& analysis_interval","1972-01-01 &&& 1972-12-31 &&& years"
"1","postgres_omop","denominator_cohort_name &&& outcome_cohort_name","denominator_cohort_1 &&& neoplasm","overall","overall","Outcome",NA,"outcome_count","integer","-","incidence_start_date &&& incidence_end_date &&& analysis_interval","1972-01-01 &&& 1972-12-31 &&& years"
"1","postgres_omop","denominator_cohort_name &&& outcome_cohort_name","denominator_cohort_1 &&& neoplasm","overall","overall","Denominator",NA,"person_days","numeric","400299","incidence_start_date &&& incidence_end_date &&& analysis_interval","1972-01-01 &&& 1972-12-31 &&& years"
"1","postgres_omop","denominator_cohort_name &&& outcome_cohort_name","denominator_cohort_1 &&& neoplasm","overall","overall","Denominator",NA,"person_years","numeric","1095.959","incidence_start_date &&& incidence_end_date &&& analysis_interval","1972-01-01 &&& 1972-12-31 &&& years"
"1","postgres_omop","denominator_cohort_name &&& outcome_cohort_name","denominator_cohort_1 &&& neoplasm","overall","overall","Outcome",NA,"incidence_100000_pys","numeric","-","incidence_start_date &&& incidence_end_date &&& analysis_interval","1972-01-01 &&& 1972-12-31 &&& years"
"1","postgres_omop","denominator_cohort_name &&& outcome_cohort_name","denominator_cohort_1 &&& neoplasm","overall","overall","Outcome",NA,"incidence_100000_pys_95CI_lower","numeric","-","incidence_start_date &&& incidence_end_date &&& analysis_interval","1972-01-01 &&& 1972-12-31 &&& years"
"1","postgres_omop","denominator_cohort_name &&& outcome_cohort_name","denominator_cohort_1 &&& neoplasm","overall","overall","Outcome",NA,"incidence_100000_pys_95CI_upper","numeric","-","incidence_start_date &&& incidence_end_date &&& analysis_interval","1972-01-01 &&& 1972-12-31 &&& years"
"1","postgres_omop","denominator_cohort_name &&& outcome_cohort_name","denominator_cohort_1 &&& neoplasm","overall","overall","Denominator",NA,"denominator_count","integer","1216","incidence_start_date &&& incidence_end_date &&& analysis_interval","1973-01-01 &&& 1973-12-31 &&& years"
"1","postgres_omop","denominator_cohort_name &&& outcome_cohort_name","denominator_cohort_1 &&& neoplasm","overall","overall","Outcome",NA,"outcome_count","integer","0","incidence_start_date &&& incidence_end_date &&& analysis_interval","1973-01-01 &&& 1973-12-31 &&& years"
"1","postgres_omop","denominator_cohort_name &&& outcome_cohort_name","denominator_cohort_1 &&& neoplasm","overall","overall","Denominator",NA,"person_days","numeric","428996","incidence_start_date &&& incidence_end_date &&& analysis_interval","1973-01-01 &&& 1973-12-31 &&& years"
"1","postgres_omop","denominator_cohort_name &&& outcome_cohort_name","denominator_cohort_1 &&& neoplasm","overall","overall","Denominator",NA,"person_years","numeric","1174.527","incidence_start_date &&& incidence_end_date &&& analysis_interval","1973-01-01 &&& 1973-12-31 &&& years"
"1","postgres_omop","denominator_cohort_name &&& outcome_cohort_name","denominator_cohort_1 &&& neoplasm","overall","overall","Outcome",NA,"incidence_100000_pys","numeric","0","incidence_start_date &&& incidence_end_date &&& analysis_interval","1973-01-01 &&& 1973-12-31 &&& years"
"1","postgres_omop","denominator_cohort_name &&& outcome_cohort_name","denominator_cohort_1 &&& neoplasm","overall","overall","Outcome",NA,"incidence_100000_pys_95CI_lower","numeric","0","incidence_start_date &&& incidence_end_date &&& analysis_interval","1973-01-01 &&& 1973-12-31 &&& years"
"1","postgres_omop","denominator_cohort_name &&& outcome_cohort_name","denominator_cohort_1 &&& neoplasm","overall","overall","Outcome",NA,"incidence_100000_pys_95CI_upper","numeric","314.074","incidence_start_date &&& incidence_end_date &&& analysis_interval","1973-01-01 &&& 1973-12-31 &&& years"
"1","postgres_omop","denominator_cohort_name &&& outcome_cohort_name","denominator_cohort_1 &&& neoplasm","overall","overall","Denominator",NA,"denominator_count","integer","1342","incidence_start_date &&& incidence_end_date &&& analysis_interval","1974-01-01 &&& 1974-12-31 &&& years"
"1","postgres_omop","denominator_cohort_name &&& outcome_cohort_name","denominator_cohort_1 &&& neoplasm","overall","overall","Outcome",NA,"outcome_count","integer","0","incidence_start_date &&& incidence_end_date &&& analysis_interval","1974-01-01 &&& 1974-12-31 &&& years"
"1","postgres_omop","denominator_cohort_name &&& outcome_cohort_name","denominator_cohort_1 &&& neoplasm","overall","overall","Denominator",NA,"person_days","numeric","466349","incidence_start_date &&& incidence_end_date &&& analysis_interval","1974-01-01 &&& 1974-12-31 &&& years"
"1","postgres_omop","denominator_cohort_name &&& outcome_cohort_name","denominator_cohort_1 &&& neoplasm","overall","overall","Denominator",NA,"person_years","numeric","1276.794","incidence_start_date &&& incidence_end_date &&& analysis_interval","1974-01-01 &&& 1974-12-31 &&& years"
"1","postgres_omop","denominator_cohort_name &&& outcome_cohort_name","denominator_cohort_1 &&& neoplasm","overall","overall","Outcome",NA,"incidence_100000_pys","numeric","0","incidence_start_date &&& incidence_end_date &&& analysis_interval","1974-01-01 &&& 1974-12-31 &&& years"
"1","postgres_omop","denominator_cohort_name &&& outcome_cohort_name","denominator_cohort_1 &&& neoplasm","overall","overall","Outcome",NA,"incidence_100000_pys_95CI_lower","numeric","0","incidence_start_date &&& incidence_end_date &&& analysis_interval","1974-01-01 &&& 1974-12-31 &&& years"
"1","postgres_omop","denominator_cohort_name &&& outcome_cohort_name","denominator_cohort_1 &&& neoplasm","overall","overall","Outcome",NA,"incidence_100000_pys_95CI_upper","numeric","288.917","incidence_start_date &&& incidence_end_date &&& analysis_interval","1974-01-01 &&& 1974-12-31 &&& years"
"1","postgres_omop","denominator_cohort_name &&& outcome_cohort_name","denominator_cohort_1 &&& neoplasm","overall","overall","Denominator",NA,"denominator_count","integer","1484","incidence_start_date &&& incidence_end_date &&& analysis_interval","1975-01-01 &&& 1975-12-31 &&& years"
"1","postgres_omop","denominator_cohort_name &&& outcome_cohort_name","denominator_cohort_1 &&& neoplasm","overall","overall","Outcome",NA,"outcome_count","integer","0","incidence_start_date &&& incidence_end_date &&& analysis_interval","1975-01-01 &&& 1975-12-31 &&& years"
"1","postgres_omop","denominator_cohort_name &&& outcome_cohort_name","denominator_cohort_1 &&& neoplasm","overall","overall","Denominator",NA,"person_days","numeric","515007","incidence_start_date &&& incidence_end_date &&& analysis_interval","1975-01-01 &&& 1975-12-31 &&& years"
"1","postgres_omop","denominator_cohort_name &&& outcome_cohort_name","denominator_cohort_1 &&& neoplasm","overall","overall","Denominator",NA,"person_years","numeric","1410.012","incidence_start_date &&& incidence_end_date &&& analysis_interval","1975-01-01 &&& 1975-12-31 &&& years"
"1","postgres_omop","denominator_cohort_name &&& outcome_cohort_name","denominator_cohort_1 &&& neoplasm","overall","overall","Outcome",NA,"incidence_100000_pys","numeric","0","incidence_start_date &&& incidence_end_date &&& analysis_interval","1975-01-01 &&& 1975-12-31 &&& years"
"1","postgres_omop","denominator_cohort_name &&& outcome_cohort_name","denominator_cohort_1 &&& neoplasm","overall","overall","Outcome",NA,"incidence_100000_pys_95CI_lower","numeric","0","incidence_start_date &&& incidence_end_date &&& analysis_interval","1975-01-01 &&& 1975-12-31 &&& years"
"1","postgres_omop","denominator_cohort_name &&& outcome_cohort_name","denominator_cohort_1 &&& neoplasm","overall","overall","Outcome",NA,"incidence_100000_pys_95CI_upper","numeric","261.62","incidence_start_date &&& incidence_end_date &&& analysis_interval","1975-01-01 &&& 1975-12-31 &&& years"
"1","postgres_omop","denominator_cohort_name &&& outcome_cohort_name","denominator_cohort_1 &&& neoplasm","overall","overall","Denominator",NA,"denominator_count","integer","1665","incidence_start_date &&& incidence_end_date &&& analysis_interval","1976-01-01 &&& 1976-12-31 &&& years"
"1","postgres_omop","denominator_cohort_name &&& outcome_cohort_name","denominator_cohort_1 &&& neoplasm","overall","overall","Outcome",NA,"outcome_count","integer","0","incidence_start_date &&& incidence_end_date &&& analysis_interval","1976-01-01 &&& 1976-12-31 &&& years"
"1","postgres_omop","denominator_cohort_name &&& outcome_cohort_name","denominator_cohort_1 &&& neoplasm","overall","overall","Denominator",NA,"person_days","numeric","574058","incidence_start_date &&& incidence_end_date &&& analysis_interval","1976-01-01 &&& 1976-12-31 &&& years"
"1","postgres_omop","denominator_cohort_name &&& outcome_cohort_name","denominator_cohort_1 &&& neoplasm","overall","overall","Denominator",NA,"person_years","numeric","1571.685","incidence_start_date &&& incidence_end_date &&& analysis_interval","1976-01-01 &&& 1976-12-31 &&& years"
"1","postgres_omop","denominator_cohort_name &&& outcome_cohort_name","denominator_cohort_1 &&& neoplasm","overall","overall","Outcome",NA,"incidence_100000_pys","numeric","0","incidence_start_date &&& incidence_end_date &&& analysis_interval","1976-01-01 &&& 1976-12-31 &&& years"
"1","postgres_omop","denominator_cohort_name &&& outcome_cohort_name","denominator_cohort_1 &&& neoplasm","overall","overall","Outcome",NA,"incidence_100000_pys_95CI_lower","numeric","0","incidence_start_date &&& incidence_end_date &&& analysis_interval","1976-01-01 &&& 1976-12-31 &&& years"
"1","postgres_omop","denominator_cohort_name &&& outcome_cohort_name","denominator_cohort_1 &&& neoplasm","overall","overall","Outcome",NA,"incidence_100000_pys_95CI_upper","numeric","234.709","incidence_start_date &&& incidence_end_date &&& analysis_interval","1976-01-01 &&& 1976-12-31 &&& years"
"1","postgres_omop","denominator_cohort_name &&& outcome_cohort_name","denominator_cohort_1 &&& neoplasm","overall","overall","Denominator",NA,"denominator_count","integer","1862","incidence_start_date &&& incidence_end_date &&& analysis_interval","1977-01-01 &&& 1977-12-31 &&& years"
"1","postgres_omop","denominator_cohort_name &&& outcome_cohort_name","denominator_cohort_1 &&& neoplasm","overall","overall","Outcome",NA,"outcome_count","integer","0","incidence_start_date &&& incidence_end_date &&& analysis_interval","1977-01-01 &&& 1977-12-31 &&& years"
"1","postgres_omop","denominator_cohort_name &&& outcome_cohort_name","denominator_cohort_1 &&& neoplasm","overall","overall","Denominator",NA,"person_days","numeric","642658","incidence_start_date &&& incidence_end_date &&& analysis_interval","1977-01-01 &&& 1977-12-31 &&& years"
"1","postgres_omop","denominator_cohort_name &&& outcome_cohort_name","denominator_cohort_1 &&& neoplasm","overall","overall","Denominator",NA,"person_years","numeric","1759.502","incidence_start_date &&& incidence_end_date &&& analysis_interval","1977-01-01 &&& 1977-12-31 &&& years"
"1","postgres_omop","denominator_cohort_name &&& outcome_cohort_name","denominator_cohort_1 &&& neoplasm","overall","overall","Outcome",NA,"incidence_100000_pys","numeric","0","incidence_start_date &&& incidence_end_date &&& analysis_interval","1977-01-01 &&& 1977-12-31 &&& years"
"1","postgres_omop","denominator_cohort_name &&& outcome_cohort_name","denominator_cohort_1 &&& neoplasm","overall","overall","Outcome",NA,"incidence_100000_pys_95CI_lower","numeric","0","incidence_start_date &&& incidence_end_date &&& analysis_interval","1977-01-01 &&& 1977-12-31 &&& years"
"1","postgres_omop","denominator_cohort_name &&& outcome_cohort_name","denominator_cohort_1 &&& neoplasm","overall","overall","Outcome",NA,"incidence_100000_pys_95CI_upper","numeric","209.655","incidence_start_date &&& incidence_end_date &&& analysis_interval","1977-01-01 &&& 1977-12-31 &&& years"
"1","postgres_omop","denominator_cohort_name &&& outcome_cohort_name","denominator_cohort_1 &&& neoplasm","overall","overall","Denominator",NA,"denominator_count","integer","2119","incidence_start_date &&& incidence_end_date &&& analysis_interval","1978-01-01 &&& 1978-12-31 &&& years"
"1","postgres_omop","denominator_cohort_name &&& outcome_cohort_name","denominator_cohort_1 &&& neoplasm","overall","overall","Outcome",NA,"outcome_count","integer","0","incidence_start_date &&& incidence_end_date &&& analysis_interval","1978-01-01 &&& 1978-12-31 &&& years"
"1","postgres_omop","denominator_cohort_name &&& outcome_cohort_name","denominator_cohort_1 &&& neoplasm","overall","overall","Denominator",NA,"person_days","numeric","726666","incidence_start_date &&& incidence_end_date &&& analysis_interval","1978-01-01 &&& 1978-12-31 &&& years"
"1","postgres_omop","denominator_cohort_name &&& outcome_cohort_name","denominator_cohort_1 &&& neoplasm","overall","overall","Denominator",NA,"person_years","numeric","1989.503","incidence_start_date &&& incidence_end_date &&& analysis_interval","1978-01-01 &&& 1978-12-31 &&& years"
"1","postgres_omop","denominator_cohort_name &&& outcome_cohort_name","denominator_cohort_1 &&& neoplasm","overall","overall","Outcome",NA,"incidence_100000_pys","numeric","0","incidence_start_date &&& incidence_end_date &&& analysis_interval","1978-01-01 &&& 1978-12-31 &&& years"
"1","postgres_omop","denominator_cohort_name &&& outcome_cohort_name","denominator_cohort_1 &&& neoplasm","overall","overall","Outcome",NA,"incidence_100000_pys_95CI_lower","numeric","0","incidence_start_date &&& incidence_end_date &&& analysis_interval","1978-01-01 &&& 1978-12-31 &&& years"
"1","postgres_omop","denominator_cohort_name &&& outcome_cohort_name","denominator_cohort_1 &&& neoplasm","overall","overall","Outcome",NA,"incidence_100000_pys_95CI_upper","numeric","185.417","incidence_start_date &&& incidence_end_date &&& analysis_interval","1978-01-01 &&& 1978-12-31 &&& years"
"1","postgres_omop","denominator_cohort_name &&& outcome_cohort_name","denominator_cohort_1 &&& neoplasm","overall","overall","Denominator",NA,"denominator_count","integer","2398","incidence_start_date &&& incidence_end_date &&& analysis_interval","1979-01-01 &&& 1979-12-31 &&& years"
"1","postgres_omop","denominator_cohort_name &&& outcome_cohort_name","denominator_cohort_1 &&& neoplasm","overall","overall","Outcome",NA,"outcome_count","integer","-","incidence_start_date &&& incidence_end_date &&& analysis_interval","1979-01-01 &&& 1979-12-31 &&& years"
"1","postgres_omop","denominator_cohort_name &&& outcome_cohort_name","denominator_cohort_1 &&& neoplasm","overall","overall","Denominator",NA,"person_days","numeric","825105","incidence_start_date &&& incidence_end_date &&& analysis_interval","1979-01-01 &&& 1979-12-31 &&& years"
"1","postgres_omop","denominator_cohort_name &&& outcome_cohort_name","denominator_cohort_1 &&& neoplasm","overall","overall","Denominator",NA,"person_years","numeric","2259.014","incidence_start_date &&& incidence_end_date &&& analysis_interval","1979-01-01 &&& 1979-12-31 &&& years"
"1","postgres_omop","denominator_cohort_name &&& outcome_cohort_name","denominator_cohort_1 &&& neoplasm","overall","overall","Outcome",NA,"incidence_100000_pys","numeric","-","incidence_start_date &&& incidence_end_date &&& analysis_interval","1979-01-01 &&& 1979-12-31 &&& years"
"1","postgres_omop","denominator_cohort_name &&& outcome_cohort_name","denominator_cohort_1 &&& neoplasm","overall","overall","Outcome",NA,"incidence_100000_pys_95CI_lower","numeric","-","incidence_start_date &&& incidence_end_date &&& analysis_interval","1979-01-01 &&& 1979-12-31 &&& years"
"1","postgres_omop","denominator_cohort_name &&& outcome_cohort_name","denominator_cohort_1 &&& neoplasm","overall","overall","Outcome",NA,"incidence_100000_pys_95CI_upper","numeric","-","incidence_start_date &&& incidence_end_date &&& analysis_interval","1979-01-01 &&& 1979-12-31 &&& years"
"1","postgres_omop","denominator_cohort_name &&& outcome_cohort_name","denominator_cohort_1 &&& neoplasm","overall","overall","Denominator",NA,"denominator_count","integer","2742","incidence_start_date &&& incidence_end_date &&& analysis_interval","1980-01-01 &&& 1980-12-31 &&& years"
"1","postgres_omop","denominator_cohort_name &&& outcome_cohort_name","denominator_cohort_1 &&& neoplasm","overall","overall","Outcome",NA,"outcome_count","integer","-","incidence_start_date &&& incidence_end_date &&& analysis_interval","1980-01-01 &&& 1980-12-31 &&& years"
"1","postgres_omop","denominator_cohort_name &&& outcome_cohort_name","denominator_cohort_1 &&& neoplasm","overall","overall","Denominator",NA,"person_days","numeric","937714","incidence_start_date &&& incidence_end_date &&& analysis_interval","1980-01-01 &&& 1980-12-31 &&& years"
"1","postgres_omop","denominator_cohort_name &&& outcome_cohort_name","denominator_cohort_1 &&& neoplasm","overall","overall","Denominator",NA,"person_years","numeric","2567.321","incidence_start_date &&& incidence_end_date &&& analysis_interval","1980-01-01 &&& 1980-12-31 &&& years"
"1","postgres_omop","denominator_cohort_name &&& outcome_cohort_name","denominator_cohort_1 &&& neoplasm","overall","overall","Outcome",NA,"incidence_100000_pys","numeric","-","incidence_start_date &&& incidence_end_date &&& analysis_interval","1980-01-01 &&& 1980-12-31 &&& years"
"1","postgres_omop","denominator_cohort_name &&& outcome_cohort_name","denominator_cohort_1 &&& neoplasm","overall","overall","Outcome",NA,"incidence_100000_pys_95CI_lower","numeric","-","incidence_start_date &&& incidence_end_date &&& analysis_interval","1980-01-01 &&& 1980-12-31 &&& years"
"1","postgres_omop","denominator_cohort_name &&& outcome_cohort_name","denominator_cohort_1 &&& neoplasm","overall","overall","Outcome",NA,"incidence_100000_pys_95CI_upper","numeric","-","incidence_start_date &&& incidence_end_date &&& analysis_interval","1980-01-01 &&& 1980-12-31 &&& years"
"1","postgres_omop","denominator_cohort_name &&& outcome_cohort_name","denominator_cohort_1 &&& neoplasm","overall","overall","Denominator",NA,"denominator_count","integer","3055","incidence_start_date &&& incidence_end_date &&& analysis_interval","1981-01-01 &&& 1981-12-31 &&& years"
"1","postgres_omop","denominator_cohort_name &&& outcome_cohort_name","denominator_cohort_1 &&& neoplasm","overall","overall","Outcome",NA,"outcome_count","integer","0","incidence_start_date &&& incidence_end_date &&& analysis_interval","1981-01-01 &&& 1981-12-31 &&& years"
"1","postgres_omop","denominator_cohort_name &&& outcome_cohort_name","denominator_cohort_1 &&& neoplasm","overall","overall","Denominator",NA,"person_days","numeric","1053112","incidence_start_date &&& incidence_end_date &&& analysis_interval","1981-01-01 &&& 1981-12-31 &&& years"
"1","postgres_omop","denominator_cohort_name &&& outcome_cohort_name","denominator_cohort_1 &&& neoplasm","overall","overall","Denominator",NA,"person_years","numeric","2883.264","incidence_start_date &&& incidence_end_date &&& analysis_interval","1981-01-01 &&& 1981-12-31 &&& years"
"1","postgres_omop","denominator_cohort_name &&& outcome_cohort_name","denominator_cohort_1 &&& neoplasm","overall","overall","Outcome",NA,"incidence_100000_pys","numeric","0","incidence_start_date &&& incidence_end_date &&& analysis_interval","1981-01-01 &&& 1981-12-31 &&& years"
"1","postgres_omop","denominator_cohort_name &&& outcome_cohort_name","denominator_cohort_1 &&& neoplasm","overall","overall","Outcome",NA,"incidence_100000_pys_95CI_lower","numeric","0","incidence_start_date &&& incidence_end_date &&& analysis_interval","1981-01-01 &&& 1981-12-31 &&& years"
"1","postgres_omop","denominator_cohort_name &&& outcome_cohort_name","denominator_cohort_1 &&& neoplasm","overall","overall","Outcome",NA,"incidence_100000_pys_95CI_upper","numeric","127.941","incidence_start_date &&& incidence_end_date &&& analysis_interval","1981-01-01 &&& 1981-12-31 &&& years"
"1","postgres_omop","denominator_cohort_name &&& outcome_cohort_name","denominator_cohort_1 &&& neoplasm","overall","overall","Denominator",NA,"denominator_count","integer","3319","incidence_start_date &&& incidence_end_date &&& analysis_interval","1982-01-01 &&& 1982-12-31 &&& years"
"1","postgres_omop","denominator_cohort_name &&& outcome_cohort_name","denominator_cohort_1 &&& neoplasm","overall","overall","Outcome",NA,"outcome_count","integer","5","incidence_start_date &&& incidence_end_date &&& analysis_interval","1982-01-01 &&& 1982-12-31 &&& years"
"1","postgres_omop","denominator_cohort_name &&& outcome_cohort_name","denominator_cohort_1 &&& neoplasm","overall","overall","Denominator",NA,"person_days","numeric","1160032","incidence_start_date &&& incidence_end_date &&& analysis_interval","1982-01-01 &&& 1982-12-31 &&& years"
"1","postgres_omop","denominator_cohort_name &&& outcome_cohort_name","denominator_cohort_1 &&& neoplasm","overall","overall","Denominator",NA,"person_years","numeric","3175.995","incidence_start_date &&& incidence_end_date &&& analysis_interval","1982-01-01 &&& 1982-12-31 &&& years"
"1","postgres_omop","denominator_cohort_name &&& outcome_cohort_name","denominator_cohort_1 &&& neoplasm","overall","overall","Outcome",NA,"incidence_100000_pys","numeric","157.431","incidence_start_date &&& incidence_end_date &&& analysis_interval","1982-01-01 &&& 1982-12-31 &&& years"
"1","postgres_omop","denominator_cohort_name &&& outcome_cohort_name","denominator_cohort_1 &&& neoplasm","overall","overall","Outcome",NA,"incidence_100000_pys_95CI_lower","numeric","51.117","incidence_start_date &&& incidence_end_date &&& analysis_interval","1982-01-01 &&& 1982-12-31 &&& years"
"1","postgres_omop","denominator_cohort_name &&& outcome_cohort_name","denominator_cohort_1 &&& neoplasm","overall","overall","Outcome",NA,"incidence_100000_pys_95CI_upper","numeric","367.391","incidence_start_date &&& incidence_end_date &&& analysis_interval","1982-01-01 &&& 1982-12-31 &&& years"
"1","postgres_omop","denominator_cohort_name &&& outcome_cohort_name","denominator_cohort_1 &&& neoplasm","overall","overall","Denominator",NA,"denominator_count","integer","3581","incidence_start_date &&& incidence_end_date &&& analysis_interval","1983-01-01 &&& 1983-12-31 &&& years"
"1","postgres_omop","denominator_cohort_name &&& outcome_cohort_name","denominator_cohort_1 &&& neoplasm","overall","overall","Outcome",NA,"outcome_count","integer","-","incidence_start_date &&& incidence_end_date &&& analysis_interval","1983-01-01 &&& 1983-12-31 &&& years"
"1","postgres_omop","denominator_cohort_name &&& outcome_cohort_name","denominator_cohort_1 &&& neoplasm","overall","overall","Denominator",NA,"person_days","numeric","1258349","incidence_start_date &&& incidence_end_date &&& analysis_interval","1983-01-01 &&& 1983-12-31 &&& years"
"1","postgres_omop","denominator_cohort_name &&& outcome_cohort_name","denominator_cohort_1 &&& neoplasm","overall","overall","Denominator",NA,"person_years","numeric","3445.172","incidence_start_date &&& incidence_end_date &&& analysis_interval","1983-01-01 &&& 1983-12-31 &&& years"
"1","postgres_omop","denominator_cohort_name &&& outcome_cohort_name","denominator_cohort_1 &&& neoplasm","overall","overall","Outcome",NA,"incidence_100000_pys","numeric","-","incidence_start_date &&& incidence_end_date &&& analysis_interval","1983-01-01 &&& 1983-12-31 &&& years"
"1","postgres_omop","denominator_cohort_name &&& outcome_cohort_name","denominator_cohort_1 &&& neoplasm","overall","overall","Outcome",NA,"incidence_100000_pys_95CI_lower","numeric","-","incidence_start_date &&& incidence_end_date &&& analysis_interval","1983-01-01 &&& 1983-12-31 &&& years"
"1","postgres_omop","denominator_cohort_name &&& outcome_cohort_name","denominator_cohort_1 &&& neoplasm","overall","overall","Outcome",NA,"incidence_100000_pys_95CI_upper","numeric","-","incidence_start_date &&& incidence_end_date &&& analysis_interval","1983-01-01 &&& 1983-12-31 &&& years"
"1","postgres_omop","denominator_cohort_name &&& outcome_cohort_name","denominator_cohort_1 &&& neoplasm","overall","overall","Denominator",NA,"denominator_count","integer","3887","incidence_start_date &&& incidence_end_date &&& analysis_interval","1984-01-01 &&& 1984-12-31 &&& years"
"1","postgres_omop","denominator_cohort_name &&& outcome_cohort_name","denominator_cohort_1 &&& neoplasm","overall","overall","Outcome",NA,"outcome_count","integer","-","incidence_start_date &&& incidence_end_date &&& analysis_interval","1984-01-01 &&& 1984-12-31 &&& years"
"1","postgres_omop","denominator_cohort_name &&& outcome_cohort_name","denominator_cohort_1 &&& neoplasm","overall","overall","Denominator",NA,"person_days","numeric","1368767","incidence_start_date &&& incidence_end_date &&& analysis_interval","1984-01-01 &&& 1984-12-31 &&& years"
"1","postgres_omop","denominator_cohort_name &&& outcome_cohort_name","denominator_cohort_1 &&& neoplasm","overall","overall","Denominator",NA,"person_years","numeric","3747.48","incidence_start_date &&& incidence_end_date &&& analysis_interval","1984-01-01 &&& 1984-12-31 &&& years"
"1","postgres_omop","denominator_cohort_name &&& outcome_cohort_name","denominator_cohort_1 &&& neoplasm","overall","overall","Outcome",NA,"incidence_100000_pys","numeric","-","incidence_start_date &&& incidence_end_date &&& analysis_interval","1984-01-01 &&& 1984-12-31 &&& years"
"1","postgres_omop","denominator_cohort_name &&& outcome_cohort_name","denominator_cohort_1 &&& neoplasm","overall","overall","Outcome",NA,"incidence_100000_pys_95CI_lower","numeric","-","incidence_start_date &&& incidence_end_date &&& analysis_interval","1984-01-01 &&& 1984-12-31 &&& years"
"1","postgres_omop","denominator_cohort_name &&& outcome_cohort_name","denominator_cohort_1 &&& neoplasm","overall","overall","Outcome",NA,"incidence_100000_pys_95CI_upper","numeric","-","incidence_start_date &&& incidence_end_date &&& analysis_interval","1984-01-01 &&& 1984-12-31 &&& years"
"1","postgres_omop","denominator_cohort_name &&& outcome_cohort_name","denominator_cohort_1 &&& neoplasm","overall","overall","Denominator",NA,"denominator_count","integer","4189","incidence_start_date &&& incidence_end_date &&& analysis_interval","1985-01-01 &&& 1985-12-31 &&& years"
"1","postgres_omop","denominator_cohort_name &&& outcome_cohort_name","denominator_cohort_1 &&& neoplasm","overall","overall","Outcome",NA,"outcome_count","integer","-","incidence_start_date &&& incidence_end_date &&& analysis_interval","1985-01-01 &&& 1985-12-31 &&& years"
"1","postgres_omop","denominator_cohort_name &&& outcome_cohort_name","denominator_cohort_1 &&& neoplasm","overall","overall","Denominator",NA,"person_days","numeric","1475906","incidence_start_date &&& incidence_end_date &&& analysis_interval","1985-01-01 &&& 1985-12-31 &&& years"
"1","postgres_omop","denominator_cohort_name &&& outcome_cohort_name","denominator_cohort_1 &&& neoplasm","overall","overall","Denominator",NA,"person_years","numeric","4040.81","incidence_start_date &&& incidence_end_date &&& analysis_interval","1985-01-01 &&& 1985-12-31 &&& years"
"1","postgres_omop","denominator_cohort_name &&& outcome_cohort_name","denominator_cohort_1 &&& neoplasm","overall","overall","Outcome",NA,"incidence_100000_pys","numeric","-","incidence_start_date &&& incidence_end_date &&& analysis_interval","1985-01-01 &&& 1985-12-31 &&& years"
"1","postgres_omop","denominator_cohort_name &&& outcome_cohort_name","denominator_cohort_1 &&& neoplasm","overall","overall","Outcome",NA,"incidence_100000_pys_95CI_lower","numeric","-","incidence_start_date &&& incidence_end_date &&& analysis_interval","1985-01-01 &&& 1985-12-31 &&& years"
"1","postgres_omop","denominator_cohort_name &&& outcome_cohort_name","denominator_cohort_1 &&& neoplasm","overall","overall","Outcome",NA,"incidence_100000_pys_95CI_upper","numeric","-","incidence_start_date &&& incidence_end_date &&& analysis_interval","1985-01-01 &&& 1985-12-31 &&& years"
"1","postgres_omop","denominator_cohort_name &&& outcome_cohort_name","denominator_cohort_1 &&& neoplasm","overall","overall","Denominator",NA,"denominator_count","integer","4474","incidence_start_date &&& incidence_end_date &&& analysis_interval","1986-01-01 &&& 1986-12-31 &&& years"
"1","postgres_omop","denominator_cohort_name &&& outcome_cohort_name","denominator_cohort_1 &&& neoplasm","overall","overall","Outcome",NA,"outcome_count","integer","12","incidence_start_date &&& incidence_end_date &&& analysis_interval","1986-01-01 &&& 1986-12-31 &&& years"
"1","postgres_omop","denominator_cohort_name &&& outcome_cohort_name","denominator_cohort_1 &&& neoplasm","overall","overall","Denominator",NA,"person_days","numeric","1578115","incidence_start_date &&& incidence_end_date &&& analysis_interval","1986-01-01 &&& 1986-12-31 &&& years"
"1","postgres_omop","denominator_cohort_name &&& outcome_cohort_name","denominator_cohort_1 &&& neoplasm","overall","overall","Denominator",NA,"person_years","numeric","4320.643","incidence_start_date &&& incidence_end_date &&& analysis_interval","1986-01-01 &&& 1986-12-31 &&& years"
"1","postgres_omop","denominator_cohort_name &&& outcome_cohort_name","denominator_cohort_1 &&& neoplasm","overall","overall","Outcome",NA,"incidence_100000_pys","numeric","277.736","incidence_start_date &&& incidence_end_date &&& analysis_interval","1986-01-01 &&& 1986-12-31 &&& years"
"1","postgres_omop","denominator_cohort_name &&& outcome_cohort_name","denominator_cohort_1 &&& neoplasm","overall","overall","Outcome",NA,"incidence_100000_pys_95CI_lower","numeric","143.51","incidence_start_date &&& incidence_end_date &&& analysis_interval","1986-01-01 &&& 1986-12-31 &&& years"
"1","postgres_omop","denominator_cohort_name &&& outcome_cohort_name","denominator_cohort_1 &&& neoplasm","overall","overall","Outcome",NA,"incidence_100000_pys_95CI_upper","numeric","485.15","incidence_start_date &&& incidence_end_date &&& analysis_interval","1986-01-01 &&& 1986-12-31 &&& years"
"1","postgres_omop","denominator_cohort_name &&& outcome_cohort_name","denominator_cohort_1 &&& neoplasm","overall","overall","Denominator",NA,"denominator_count","integer","4796","incidence_start_date &&& incidence_end_date &&& analysis_interval","1987-01-01 &&& 1987-12-31 &&& years"
"1","postgres_omop","denominator_cohort_name &&& outcome_cohort_name","denominator_cohort_1 &&& neoplasm","overall","overall","Outcome",NA,"outcome_count","integer","10","incidence_start_date &&& incidence_end_date &&& analysis_interval","1987-01-01 &&& 1987-12-31 &&& years"
"1","postgres_omop","denominator_cohort_name &&& outcome_cohort_name","denominator_cohort_1 &&& neoplasm","overall","overall","Denominator",NA,"person_days","numeric","1690234","incidence_start_date &&& incidence_end_date &&& analysis_interval","1987-01-01 &&& 1987-12-31 &&& years"
"1","postgres_omop","denominator_cohort_name &&& outcome_cohort_name","denominator_cohort_1 &&& neoplasm","overall","overall","Denominator",NA,"person_years","numeric","4627.608","incidence_start_date &&& incidence_end_date &&& analysis_interval","1987-01-01 &&& 1987-12-31 &&& years"
"1","postgres_omop","denominator_cohort_name &&& outcome_cohort_name","denominator_cohort_1 &&& neoplasm","overall","overall","Outcome",NA,"incidence_100000_pys","numeric","216.094","incidence_start_date &&& incidence_end_date &&& analysis_interval","1987-01-01 &&& 1987-12-31 &&& years"
"1","postgres_omop","denominator_cohort_name &&& outcome_cohort_name","denominator_cohort_1 &&& neoplasm","overall","overall","Outcome",NA,"incidence_100000_pys_95CI_lower","numeric","103.626","incidence_start_date &&& incidence_end_date &&& analysis_interval","1987-01-01 &&& 1987-12-31 &&& years"
"1","postgres_omop","denominator_cohort_name &&& outcome_cohort_name","denominator_cohort_1 &&& neoplasm","overall","overall","Outcome",NA,"incidence_100000_pys_95CI_upper","numeric","397.405","incidence_start_date &&& incidence_end_date &&& analysis_interval","1987-01-01 &&& 1987-12-31 &&& years"
"1","postgres_omop","denominator_cohort_name &&& outcome_cohort_name","denominator_cohort_1 &&& neoplasm","overall","overall","Denominator",NA,"denominator_count","integer","5150","incidence_start_date &&& incidence_end_date &&& analysis_interval","1988-01-01 &&& 1988-12-31 &&& years"
"1","postgres_omop","denominator_cohort_name &&& outcome_cohort_name","denominator_cohort_1 &&& neoplasm","overall","overall","Outcome",NA,"outcome_count","integer","14","incidence_start_date &&& incidence_end_date &&& analysis_interval","1988-01-01 &&& 1988-12-31 &&& years"
"1","postgres_omop","denominator_cohort_name &&& outcome_cohort_name","denominator_cohort_1 &&& neoplasm","overall","overall","Denominator",NA,"person_days","numeric","1817908","incidence_start_date &&& incidence_end_date &&& analysis_interval","1988-01-01 &&& 1988-12-31 &&& years"
"1","postgres_omop","denominator_cohort_name &&& outcome_cohort_name","denominator_cohort_1 &&& neoplasm","overall","overall","Denominator",NA,"person_years","numeric","4977.161","incidence_start_date &&& incidence_end_date &&& analysis_interval","1988-01-01 &&& 1988-12-31 &&& years"
"1","postgres_omop","denominator_cohort_name &&& outcome_cohort_name","denominator_cohort_1 &&& neoplasm","overall","overall","Outcome",NA,"incidence_100000_pys","numeric","281.285","incidence_start_date &&& incidence_end_date &&& analysis_interval","1988-01-01 &&& 1988-12-31 &&& years"
"1","postgres_omop","denominator_cohort_name &&& outcome_cohort_name","denominator_cohort_1 &&& neoplasm","overall","overall","Outcome",NA,"incidence_100000_pys_95CI_lower","numeric","153.781","incidence_start_date &&& incidence_end_date &&& analysis_interval","1988-01-01 &&& 1988-12-31 &&& years"
"1","postgres_omop","denominator_cohort_name &&& outcome_cohort_name","denominator_cohort_1 &&& neoplasm","overall","overall","Outcome",NA,"incidence_100000_pys_95CI_upper","numeric","471.948","incidence_start_date &&& incidence_end_date &&& analysis_interval","1988-01-01 &&& 1988-12-31 &&& years"
"1","postgres_omop","denominator_cohort_name &&& outcome_cohort_name","denominator_cohort_1 &&& neoplasm","overall","overall","Denominator",NA,"denominator_count","integer","5529","incidence_start_date &&& incidence_end_date &&& analysis_interval","1989-01-01 &&& 1989-12-31 &&& years"
"1","postgres_omop","denominator_cohort_name &&& outcome_cohort_name","denominator_cohort_1 &&& neoplasm","overall","overall","Outcome",NA,"outcome_count","integer","8","incidence_start_date &&& incidence_end_date &&& analysis_interval","1989-01-01 &&& 1989-12-31 &&& years"
"1","postgres_omop","denominator_cohort_name &&& outcome_cohort_name","denominator_cohort_1 &&& neoplasm","overall","overall","Denominator",NA,"person_days","numeric","1944796","incidence_start_date &&& incidence_end_date &&& analysis_interval","1989-01-01 &&& 1989-12-31 &&& years"
"1","postgres_omop","denominator_cohort_name &&& outcome_cohort_name","denominator_cohort_1 &&& neoplasm","overall","overall","Denominator",NA,"person_years","numeric","5324.561","incidence_start_date &&& incidence_end_date &&& analysis_interval","1989-01-01 &&& 1989-12-31 &&& years"
"1","postgres_omop","denominator_cohort_name &&& outcome_cohort_name","denominator_cohort_1 &&& neoplasm","overall","overall","Outcome",NA,"incidence_100000_pys","numeric","150.247","incidence_start_date &&& incidence_end_date &&& analysis_interval","1989-01-01 &&& 1989-12-31 &&& years"
"1","postgres_omop","denominator_cohort_name &&& outcome_cohort_name","denominator_cohort_1 &&& neoplasm","overall","overall","Outcome",NA,"incidence_100000_pys_95CI_lower","numeric","64.866","incidence_start_date &&& incidence_end_date &&& analysis_interval","1989-01-01 &&& 1989-12-31 &&& years"
"1","postgres_omop","denominator_cohort_name &&& outcome_cohort_name","denominator_cohort_1 &&& neoplasm","overall","overall","Outcome",NA,"incidence_100000_pys_95CI_upper","numeric","296.047","incidence_start_date &&& incidence_end_date &&& analysis_interval","1989-01-01 &&& 1989-12-31 &&& years"
"1","postgres_omop","denominator_cohort_name &&& outcome_cohort_name","denominator_cohort_1 &&& neoplasm","overall","overall","Denominator",NA,"denominator_count","integer","5920","incidence_start_date &&& incidence_end_date &&& analysis_interval","1990-01-01 &&& 1990-12-31 &&& years"
"1","postgres_omop","denominator_cohort_name &&& outcome_cohort_name","denominator_cohort_1 &&& neoplasm","overall","overall","Outcome",NA,"outcome_count","integer","18","incidence_start_date &&& incidence_end_date &&& analysis_interval","1990-01-01 &&& 1990-12-31 &&& years"
"1","postgres_omop","denominator_cohort_name &&& outcome_cohort_name","denominator_cohort_1 &&& neoplasm","overall","overall","Denominator",NA,"person_days","numeric","2090300","incidence_start_date &&& incidence_end_date &&& analysis_interval","1990-01-01 &&& 1990-12-31 &&& years"
"1","postgres_omop","denominator_cohort_name &&& outcome_cohort_name","denominator_cohort_1 &&& neoplasm","overall","overall","Denominator",NA,"person_years","numeric","5722.93","incidence_start_date &&& incidence_end_date &&& analysis_interval","1990-01-01 &&& 1990-12-31 &&& years"
"1","postgres_omop","denominator_cohort_name &&& outcome_cohort_name","denominator_cohort_1 &&& neoplasm","overall","overall","Outcome",NA,"incidence_100000_pys","numeric","314.524","incidence_start_date &&& incidence_end_date &&& analysis_interval","1990-01-01 &&& 1990-12-31 &&& years"
"1","postgres_omop","denominator_cohort_name &&& outcome_cohort_name","denominator_cohort_1 &&& neoplasm","overall","overall","Outcome",NA,"incidence_100000_pys_95CI_lower","numeric","186.407","incidence_start_date &&& incidence_end_date &&& analysis_interval","1990-01-01 &&& 1990-12-31 &&& years"
"1","postgres_omop","denominator_cohort_name &&& outcome_cohort_name","denominator_cohort_1 &&& neoplasm","overall","overall","Outcome",NA,"incidence_100000_pys_95CI_upper","numeric","497.084","incidence_start_date &&& incidence_end_date &&& analysis_interval","1990-01-01 &&& 1990-12-31 &&& years"
"1","postgres_omop","denominator_cohort_name &&& outcome_cohort_name","denominator_cohort_1 &&& neoplasm","overall","overall","Denominator",NA,"denominator_count","integer","6440","incidence_start_date &&& incidence_end_date &&& analysis_interval","1991-01-01 &&& 1991-12-31 &&& years"
"1","postgres_omop","denominator_cohort_name &&& outcome_cohort_name","denominator_cohort_1 &&& neoplasm","overall","overall","Outcome",NA,"outcome_count","integer","7","incidence_start_date &&& incidence_end_date &&& analysis_interval","1991-01-01 &&& 1991-12-31 &&& years"
"1","postgres_omop","denominator_cohort_name &&& outcome_cohort_name","denominator_cohort_1 &&& neoplasm","overall","overall","Denominator",NA,"person_days","numeric","2251942","incidence_start_date &&& incidence_end_date &&& analysis_interval","1991-01-01 &&& 1991-12-31 &&& years"
"1","postgres_omop","denominator_cohort_name &&& outcome_cohort_name","denominator_cohort_1 &&& neoplasm","overall","overall","Denominator",NA,"person_years","numeric","6165.481","incidence_start_date &&& incidence_end_date &&& analysis_interval","1991-01-01 &&& 1991-12-31 &&& years"
"1","postgres_omop","denominator_cohort_name &&& outcome_cohort_name","denominator_cohort_1 &&& neoplasm","overall","overall","Outcome",NA,"incidence_100000_pys","numeric","113.535","incidence_start_date &&& incidence_end_date &&& analysis_interval","1991-01-01 &&& 1991-12-31 &&& years"
"1","postgres_omop","denominator_cohort_name &&& outcome_cohort_name","denominator_cohort_1 &&& neoplasm","overall","overall","Outcome",NA,"incidence_100000_pys_95CI_lower","numeric","45.647","incidence_start_date &&& incidence_end_date &&& analysis_interval","1991-01-01 &&& 1991-12-31 &&& years"
"1","postgres_omop","denominator_cohort_name &&& outcome_cohort_name","denominator_cohort_1 &&& neoplasm","overall","overall","Outcome",NA,"incidence_100000_pys_95CI_upper","numeric","233.926","incidence_start_date &&& incidence_end_date &&& analysis_interval","1991-01-01 &&& 1991-12-31 &&& years"
"1","postgres_omop","denominator_cohort_name &&& outcome_cohort_name","denominator_cohort_1 &&& neoplasm","overall","overall","Denominator",NA,"denominator_count","integer","7072","incidence_start_date &&& incidence_end_date &&& analysis_interval","1992-01-01 &&& 1992-12-31 &&& years"
"1","postgres_omop","denominator_cohort_name &&& outcome_cohort_name","denominator_cohort_1 &&& neoplasm","overall","overall","Outcome",NA,"outcome_count","integer","-","incidence_start_date &&& incidence_end_date &&& analysis_interval","1992-01-01 &&& 1992-12-31 &&& years"
"1","postgres_omop","denominator_cohort_name &&& outcome_cohort_name","denominator_cohort_1 &&& neoplasm","overall","overall","Denominator",NA,"person_days","numeric","2476966","incidence_start_date &&& incidence_end_date &&& analysis_interval","1992-01-01 &&& 1992-12-31 &&& years"
"1","postgres_omop","denominator_cohort_name &&& outcome_cohort_name","denominator_cohort_1 &&& neoplasm","overall","overall","Denominator",NA,"person_years","numeric","6781.563","incidence_start_date &&& incidence_end_date &&& analysis_interval","1992-01-01 &&& 1992-12-31 &&& years"
"1","postgres_omop","denominator_cohort_name &&& outcome_cohort_name","denominator_cohort_1 &&& neoplasm","overall","overall","Outcome",NA,"incidence_100000_pys","numeric","-","incidence_start_date &&& incidence_end_date &&& analysis_interval","1992-01-01 &&& 1992-12-31 &&& years"
"1","postgres_omop","denominator_cohort_name &&& outcome_cohort_name","denominator_cohort_1 &&& neoplasm","overall","overall","Outcome",NA,"incidence_100000_pys_95CI_lower","numeric","-","incidence_start_date &&& incidence_end_date &&& analysis_interval","1992-01-01 &&& 1992-12-31 &&& years"
"1","postgres_omop","denominator_cohort_name &&& outcome_cohort_name","denominator_cohort_1 &&& neoplasm","overall","overall","Outcome",NA,"incidence_100000_pys_95CI_upper","numeric","-","incidence_start_date &&& incidence_end_date &&& analysis_interval","1992-01-01 &&& 1992-12-31 &&& years"
"1","postgres_omop","denominator_cohort_name &&& outcome_cohort_name","denominator_cohort_1 &&& neoplasm","overall","overall","Denominator",NA,"denominator_count","integer","7791","incidence_start_date &&& incidence_end_date &&& analysis_interval","1993-01-01 &&& 1993-12-31 &&& years"
"1","postgres_omop","denominator_cohort_name &&& outcome_cohort_name","denominator_cohort_1 &&& neoplasm","overall","overall","Outcome",NA,"outcome_count","integer","-","incidence_start_date &&& incidence_end_date &&& analysis_interval","1993-01-01 &&& 1993-12-31 &&& years"
"1","postgres_omop","denominator_cohort_name &&& outcome_cohort_name","denominator_cohort_1 &&& neoplasm","overall","overall","Denominator",NA,"person_days","numeric","2716924","incidence_start_date &&& incidence_end_date &&& analysis_interval","1993-01-01 &&& 1993-12-31 &&& years"
"1","postgres_omop","denominator_cohort_name &&& outcome_cohort_name","denominator_cohort_1 &&& neoplasm","overall","overall","Denominator",NA,"person_years","numeric","7438.533","incidence_start_date &&& incidence_end_date &&& analysis_interval","1993-01-01 &&& 1993-12-31 &&& years"
"1","postgres_omop","denominator_cohort_name &&& outcome_cohort_name","denominator_cohort_1 &&& neoplasm","overall","overall","Outcome",NA,"incidence_100000_pys","numeric","-","incidence_start_date &&& incidence_end_date &&& analysis_interval","1993-01-01 &&& 1993-12-31 &&& years"
"1","postgres_omop","denominator_cohort_name &&& outcome_cohort_name","denominator_cohort_1 &&& neoplasm","overall","overall","Outcome",NA,"incidence_100000_pys_95CI_lower","numeric","-","incidence_start_date &&& incidence_end_date &&& analysis_interval","1993-01-01 &&& 1993-12-31 &&& years"
"1","postgres_omop","denominator_cohort_name &&& outcome_cohort_name","denominator_cohort_1 &&& neoplasm","overall","overall","Outcome",NA,"incidence_100000_pys_95CI_upper","numeric","-","incidence_start_date &&& incidence_end_date &&& analysis_interval","1993-01-01 &&& 1993-12-31 &&& years"
"1","postgres_omop","denominator_cohort_name &&& outcome_cohort_name","denominator_cohort_1 &&& neoplasm","overall","overall","Denominator",NA,"denominator_count","integer","8683","incidence_start_date &&& incidence_end_date &&& analysis_interval","1994-01-01 &&& 1994-12-31 &&& years"
"1","postgres_omop","denominator_cohort_name &&& outcome_cohort_name","denominator_cohort_1 &&& neoplasm","overall","overall","Outcome",NA,"outcome_count","integer","5","incidence_start_date &&& incidence_end_date &&& analysis_interval","1994-01-01 &&& 1994-12-31 &&& years"
"1","postgres_omop","denominator_cohort_name &&& outcome_cohort_name","denominator_cohort_1 &&& neoplasm","overall","overall","Denominator",NA,"person_days","numeric","3012773","incidence_start_date &&& incidence_end_date &&& analysis_interval","1994-01-01 &&& 1994-12-31 &&& years"
"1","postgres_omop","denominator_cohort_name &&& outcome_cohort_name","denominator_cohort_1 &&& neoplasm","overall","overall","Denominator",NA,"person_years","numeric","8248.523","incidence_start_date &&& incidence_end_date &&& analysis_interval","1994-01-01 &&& 1994-12-31 &&& years"
"1","postgres_omop","denominator_cohort_name &&& outcome_cohort_name","denominator_cohort_1 &&& neoplasm","overall","overall","Outcome",NA,"incidence_100000_pys","numeric","60.617","incidence_start_date &&& incidence_end_date &&& analysis_interval","1994-01-01 &&& 1994-12-31 &&& years"
"1","postgres_omop","denominator_cohort_name &&& outcome_cohort_name","denominator_cohort_1 &&& neoplasm","overall","overall","Outcome",NA,"incidence_100000_pys_95CI_lower","numeric","19.682","incidence_start_date &&& incidence_end_date &&& analysis_interval","1994-01-01 &&& 1994-12-31 &&& years"
"1","postgres_omop","denominator_cohort_name &&& outcome_cohort_name","denominator_cohort_1 &&& neoplasm","overall","overall","Outcome",NA,"incidence_100000_pys_95CI_upper","numeric","141.46","incidence_start_date &&& incidence_end_date &&& analysis_interval","1994-01-01 &&& 1994-12-31 &&& years"
"1","postgres_omop","denominator_cohort_name &&& outcome_cohort_name","denominator_cohort_1 &&& neoplasm","overall","overall","Denominator",NA,"denominator_count","integer","9730","incidence_start_date &&& incidence_end_date &&& analysis_interval","1995-01-01 &&& 1995-12-31 &&& years"
"1","postgres_omop","denominator_cohort_name &&& outcome_cohort_name","denominator_cohort_1 &&& neoplasm","overall","overall","Outcome",NA,"outcome_count","integer","-","incidence_start_date &&& incidence_end_date &&& analysis_interval","1995-01-01 &&& 1995-12-31 &&& years"
"1","postgres_omop","denominator_cohort_name &&& outcome_cohort_name","denominator_cohort_1 &&& neoplasm","overall","overall","Denominator",NA,"person_days","numeric","3366120","incidence_start_date &&& incidence_end_date &&& analysis_interval","1995-01-01 &&& 1995-12-31 &&& years"
"1","postgres_omop","denominator_cohort_name &&& outcome_cohort_name","denominator_cohort_1 &&& neoplasm","overall","overall","Denominator",NA,"person_years","numeric","9215.934","incidence_start_date &&& incidence_end_date &&& analysis_interval","1995-01-01 &&& 1995-12-31 &&& years"
"1","postgres_omop","denominator_cohort_name &&& outcome_cohort_name","denominator_cohort_1 &&& neoplasm","overall","overall","Outcome",NA,"incidence_100000_pys","numeric","-","incidence_start_date &&& incidence_end_date &&& analysis_interval","1995-01-01 &&& 1995-12-31 &&& years"
"1","postgres_omop","denominator_cohort_name &&& outcome_cohort_name","denominator_cohort_1 &&& neoplasm","overall","overall","Outcome",NA,"incidence_100000_pys_95CI_lower","numeric","-","incidence_start_date &&& incidence_end_date &&& analysis_interval","1995-01-01 &&& 1995-12-31 &&& years"
"1","postgres_omop","denominator_cohort_name &&& outcome_cohort_name","denominator_cohort_1 &&& neoplasm","overall","overall","Outcome",NA,"incidence_100000_pys_95CI_upper","numeric","-","incidence_start_date &&& incidence_end_date &&& analysis_interval","1995-01-01 &&& 1995-12-31 &&& years"
"1","postgres_omop","denominator_cohort_name &&& outcome_cohort_name","denominator_cohort_1 &&& neoplasm","overall","overall","Denominator",NA,"denominator_count","integer","10959","incidence_start_date &&& incidence_end_date &&& analysis_interval","1996-01-01 &&& 1996-12-31 &&& years"
"1","postgres_omop","denominator_cohort_name &&& outcome_cohort_name","denominator_cohort_1 &&& neoplasm","overall","overall","Outcome",NA,"outcome_count","integer","14","incidence_start_date &&& incidence_end_date &&& analysis_interval","1996-01-01 &&& 1996-12-31 &&& years"
"1","postgres_omop","denominator_cohort_name &&& outcome_cohort_name","denominator_cohort_1 &&& neoplasm","overall","overall","Denominator",NA,"person_days","numeric","3791299","incidence_start_date &&& incidence_end_date &&& analysis_interval","1996-01-01 &&& 1996-12-31 &&& years"
"1","postgres_omop","denominator_cohort_name &&& outcome_cohort_name","denominator_cohort_1 &&& neoplasm","overall","overall","Denominator",NA,"person_years","numeric","10380.011","incidence_start_date &&& incidence_end_date &&& analysis_interval","1996-01-01 &&& 1996-12-31 &&& years"
"1","postgres_omop","denominator_cohort_name &&& outcome_cohort_name","denominator_cohort_1 &&& neoplasm","overall","overall","Outcome",NA,"incidence_100000_pys","numeric","134.875","incidence_start_date &&& incidence_end_date &&& analysis_interval","1996-01-01 &&& 1996-12-31 &&& years"
"1","postgres_omop","denominator_cohort_name &&& outcome_cohort_name","denominator_cohort_1 &&& neoplasm","overall","overall","Outcome",NA,"incidence_100000_pys_95CI_lower","numeric","73.737","incidence_start_date &&& incidence_end_date &&& analysis_interval","1996-01-01 &&& 1996-12-31 &&& years"
"1","postgres_omop","denominator_cohort_name &&& outcome_cohort_name","denominator_cohort_1 &&& neoplasm","overall","overall","Outcome",NA,"incidence_100000_pys_95CI_upper","numeric","226.297","incidence_start_date &&& incidence_end_date &&& analysis_interval","1996-01-01 &&& 1996-12-31 &&& years"
"1","postgres_omop","denominator_cohort_name &&& outcome_cohort_name","denominator_cohort_1 &&& neoplasm","overall","overall","Denominator",NA,"denominator_count","integer","12305","incidence_start_date &&& incidence_end_date &&& analysis_interval","1997-01-01 &&& 1997-12-31 &&& years"
"1","postgres_omop","denominator_cohort_name &&& outcome_cohort_name","denominator_cohort_1 &&& neoplasm","overall","overall","Outcome",NA,"outcome_count","integer","22","incidence_start_date &&& incidence_end_date &&& analysis_interval","1997-01-01 &&& 1997-12-31 &&& years"
"1","postgres_omop","denominator_cohort_name &&& outcome_cohort_name","denominator_cohort_1 &&& neoplasm","overall","overall","Denominator",NA,"person_days","numeric","4244016","incidence_start_date &&& incidence_end_date &&& analysis_interval","1997-01-01 &&& 1997-12-31 &&& years"
"1","postgres_omop","denominator_cohort_name &&& outcome_cohort_name","denominator_cohort_1 &&& neoplasm","overall","overall","Denominator",NA,"person_years","numeric","11619.483","incidence_start_date &&& incidence_end_date &&& analysis_interval","1997-01-01 &&& 1997-12-31 &&& years"
"1","postgres_omop","denominator_cohort_name &&& outcome_cohort_name","denominator_cohort_1 &&& neoplasm","overall","overall","Outcome",NA,"incidence_100000_pys","numeric","189.337","incidence_start_date &&& incidence_end_date &&& analysis_interval","1997-01-01 &&& 1997-12-31 &&& years"
"1","postgres_omop","denominator_cohort_name &&& outcome_cohort_name","denominator_cohort_1 &&& neoplasm","overall","overall","Outcome",NA,"incidence_100000_pys_95CI_lower","numeric","118.657","incidence_start_date &&& incidence_end_date &&& analysis_interval","1997-01-01 &&& 1997-12-31 &&& years"
"1","postgres_omop","denominator_cohort_name &&& outcome_cohort_name","denominator_cohort_1 &&& neoplasm","overall","overall","Outcome",NA,"incidence_100000_pys_95CI_upper","numeric","286.659","incidence_start_date &&& incidence_end_date &&& analysis_interval","1997-01-01 &&& 1997-12-31 &&& years"
"1","postgres_omop","denominator_cohort_name &&& outcome_cohort_name","denominator_cohort_1 &&& neoplasm","overall","overall","Denominator",NA,"denominator_count","integer","13816","incidence_start_date &&& incidence_end_date &&& analysis_interval","1998-01-01 &&& 1998-12-31 &&& years"
"1","postgres_omop","denominator_cohort_name &&& outcome_cohort_name","denominator_cohort_1 &&& neoplasm","overall","overall","Outcome",NA,"outcome_count","integer","26","incidence_start_date &&& incidence_end_date &&& analysis_interval","1998-01-01 &&& 1998-12-31 &&& years"
"1","postgres_omop","denominator_cohort_name &&& outcome_cohort_name","denominator_cohort_1 &&& neoplasm","overall","overall","Denominator",NA,"person_days","numeric","4769740","incidence_start_date &&& incidence_end_date &&& analysis_interval","1998-01-01 &&& 1998-12-31 &&& years"
"1","postgres_omop","denominator_cohort_name &&& outcome_cohort_name","denominator_cohort_1 &&& neoplasm","overall","overall","Denominator",NA,"person_years","numeric","13058.836","incidence_start_date &&& incidence_end_date &&& analysis_interval","1998-01-01 &&& 1998-12-31 &&& years"
"1","postgres_omop","denominator_cohort_name &&& outcome_cohort_name","denominator_cohort_1 &&& neoplasm","overall","overall","Outcome",NA,"incidence_100000_pys","numeric","199.099","incidence_start_date &&& incidence_end_date &&& analysis_interval","1998-01-01 &&& 1998-12-31 &&& years"
"1","postgres_omop","denominator_cohort_name &&& outcome_cohort_name","denominator_cohort_1 &&& neoplasm","overall","overall","Outcome",NA,"incidence_100000_pys_95CI_lower","numeric","130.058","incidence_start_date &&& incidence_end_date &&& analysis_interval","1998-01-01 &&& 1998-12-31 &&& years"
"1","postgres_omop","denominator_cohort_name &&& outcome_cohort_name","denominator_cohort_1 &&& neoplasm","overall","overall","Outcome",NA,"incidence_100000_pys_95CI_upper","numeric","291.726","incidence_start_date &&& incidence_end_date &&& analysis_interval","1998-01-01 &&& 1998-12-31 &&& years"
"1","postgres_omop","denominator_cohort_name &&& outcome_cohort_name","denominator_cohort_1 &&& neoplasm","overall","overall","Denominator",NA,"denominator_count","integer","15432","incidence_start_date &&& incidence_end_date &&& analysis_interval","1999-01-01 &&& 1999-12-31 &&& years"
"1","postgres_omop","denominator_cohort_name &&& outcome_cohort_name","denominator_cohort_1 &&& neoplasm","overall","overall","Outcome",NA,"outcome_count","integer","21","incidence_start_date &&& incidence_end_date &&& analysis_interval","1999-01-01 &&& 1999-12-31 &&& years"
"1","postgres_omop","denominator_cohort_name &&& outcome_cohort_name","denominator_cohort_1 &&& neoplasm","overall","overall","Denominator",NA,"person_days","numeric","5332897","incidence_start_date &&& incidence_end_date &&& analysis_interval","1999-01-01 &&& 1999-12-31 &&& years"
"1","postgres_omop","denominator_cohort_name &&& outcome_cohort_name","denominator_cohort_1 &&& neoplasm","overall","overall","Denominator",NA,"person_years","numeric","14600.676","incidence_start_date &&& incidence_end_date &&& analysis_interval","1999-01-01 &&& 1999-12-31 &&& years"
"1","postgres_omop","denominator_cohort_name &&& outcome_cohort_name","denominator_cohort_1 &&& neoplasm","overall","overall","Outcome",NA,"incidence_100000_pys","numeric","143.829","incidence_start_date &&& incidence_end_date &&& analysis_interval","1999-01-01 &&& 1999-12-31 &&& years"
"1","postgres_omop","denominator_cohort_name &&& outcome_cohort_name","denominator_cohort_1 &&& neoplasm","overall","overall","Outcome",NA,"incidence_100000_pys_95CI_lower","numeric","89.032","incidence_start_date &&& incidence_end_date &&& analysis_interval","1999-01-01 &&& 1999-12-31 &&& years"
"1","postgres_omop","denominator_cohort_name &&& outcome_cohort_name","denominator_cohort_1 &&& neoplasm","overall","overall","Outcome",NA,"incidence_100000_pys_95CI_upper","numeric","219.858","incidence_start_date &&& incidence_end_date &&& analysis_interval","1999-01-01 &&& 1999-12-31 &&& years"
"1","postgres_omop","denominator_cohort_name &&& outcome_cohort_name","denominator_cohort_1 &&& neoplasm","overall","overall","Denominator",NA,"denominator_count","integer","17119","incidence_start_date &&& incidence_end_date &&& analysis_interval","2000-01-01 &&& 2000-12-31 &&& years"
"1","postgres_omop","denominator_cohort_name &&& outcome_cohort_name","denominator_cohort_1 &&& neoplasm","overall","overall","Outcome",NA,"outcome_count","integer","28","incidence_start_date &&& incidence_end_date &&& analysis_interval","2000-01-01 &&& 2000-12-31 &&& years"
"1","postgres_omop","denominator_cohort_name &&& outcome_cohort_name","denominator_cohort_1 &&& neoplasm","overall","overall","Denominator",NA,"person_days","numeric","5953410","incidence_start_date &&& incidence_end_date &&& analysis_interval","2000-01-01 &&& 2000-12-31 &&& years"
"1","postgres_omop","denominator_cohort_name &&& outcome_cohort_name","denominator_cohort_1 &&& neoplasm","overall","overall","Denominator",NA,"person_years","numeric","16299.548","incidence_start_date &&& incidence_end_date &&& analysis_interval","2000-01-01 &&& 2000-12-31 &&& years"
"1","postgres_omop","denominator_cohort_name &&& outcome_cohort_name","denominator_cohort_1 &&& neoplasm","overall","overall","Outcome",NA,"incidence_100000_pys","numeric","171.784","incidence_start_date &&& incidence_end_date &&& analysis_interval","2000-01-01 &&& 2000-12-31 &&& years"
"1","postgres_omop","denominator_cohort_name &&& outcome_cohort_name","denominator_cohort_1 &&& neoplasm","overall","overall","Outcome",NA,"incidence_100000_pys_95CI_lower","numeric","114.149","incidence_start_date &&& incidence_end_date &&& analysis_interval","2000-01-01 &&& 2000-12-31 &&& years"
"1","postgres_omop","denominator_cohort_name &&& outcome_cohort_name","denominator_cohort_1 &&& neoplasm","overall","overall","Outcome",NA,"incidence_100000_pys_95CI_upper","numeric","248.276","incidence_start_date &&& incidence_end_date &&& analysis_interval","2000-01-01 &&& 2000-12-31 &&& years"
"1","postgres_omop","denominator_cohort_name &&& outcome_cohort_name","denominator_cohort_1 &&& neoplasm","overall","overall","Denominator",NA,"denominator_count","integer","18955","incidence_start_date &&& incidence_end_date &&& analysis_interval","2001-01-01 &&& 2001-12-31 &&& years"
"1","postgres_omop","denominator_cohort_name &&& outcome_cohort_name","denominator_cohort_1 &&& neoplasm","overall","overall","Outcome",NA,"outcome_count","integer","37","incidence_start_date &&& incidence_end_date &&& analysis_interval","2001-01-01 &&& 2001-12-31 &&& years"
"1","postgres_omop","denominator_cohort_name &&& outcome_cohort_name","denominator_cohort_1 &&& neoplasm","overall","overall","Denominator",NA,"person_days","numeric","6570135","incidence_start_date &&& incidence_end_date &&& analysis_interval","2001-01-01 &&& 2001-12-31 &&& years"
"1","postgres_omop","denominator_cohort_name &&& outcome_cohort_name","denominator_cohort_1 &&& neoplasm","overall","overall","Denominator",NA,"person_years","numeric","17988.049","incidence_start_date &&& incidence_end_date &&& analysis_interval","2001-01-01 &&& 2001-12-31 &&& years"
"1","postgres_omop","denominator_cohort_name &&& outcome_cohort_name","denominator_cohort_1 &&& neoplasm","overall","overall","Outcome",NA,"incidence_100000_pys","numeric","205.692","incidence_start_date &&& incidence_end_date &&& analysis_interval","2001-01-01 &&& 2001-12-31 &&& years"
"1","postgres_omop","denominator_cohort_name &&& outcome_cohort_name","denominator_cohort_1 &&& neoplasm","overall","overall","Outcome",NA,"incidence_100000_pys_95CI_lower","numeric","144.826","incidence_start_date &&& incidence_end_date &&& analysis_interval","2001-01-01 &&& 2001-12-31 &&& years"
"1","postgres_omop","denominator_cohort_name &&& outcome_cohort_name","denominator_cohort_1 &&& neoplasm","overall","overall","Outcome",NA,"incidence_100000_pys_95CI_upper","numeric","283.519","incidence_start_date &&& incidence_end_date &&& analysis_interval","2001-01-01 &&& 2001-12-31 &&& years"
"1","postgres_omop","denominator_cohort_name &&& outcome_cohort_name","denominator_cohort_1 &&& neoplasm","overall","overall","Denominator",NA,"denominator_count","integer","21011","incidence_start_date &&& incidence_end_date &&& analysis_interval","2002-01-01 &&& 2002-12-31 &&& years"
"1","postgres_omop","denominator_cohort_name &&& outcome_cohort_name","denominator_cohort_1 &&& neoplasm","overall","overall","Outcome",NA,"outcome_count","integer","72","incidence_start_date &&& incidence_end_date &&& analysis_interval","2002-01-01 &&& 2002-12-31 &&& years"
"1","postgres_omop","denominator_cohort_name &&& outcome_cohort_name","denominator_cohort_1 &&& neoplasm","overall","overall","Denominator",NA,"person_days","numeric","7277227","incidence_start_date &&& incidence_end_date &&& analysis_interval","2002-01-01 &&& 2002-12-31 &&& years"
"1","postgres_omop","denominator_cohort_name &&& outcome_cohort_name","denominator_cohort_1 &&& neoplasm","overall","overall","Denominator",NA,"person_years","numeric","19923.962","incidence_start_date &&& incidence_end_date &&& analysis_interval","2002-01-01 &&& 2002-12-31 &&& years"
"1","postgres_omop","denominator_cohort_name &&& outcome_cohort_name","denominator_cohort_1 &&& neoplasm","overall","overall","Outcome",NA,"incidence_100000_pys","numeric","361.374","incidence_start_date &&& incidence_end_date &&& analysis_interval","2002-01-01 &&& 2002-12-31 &&& years"
"1","postgres_omop","denominator_cohort_name &&& outcome_cohort_name","denominator_cohort_1 &&& neoplasm","overall","overall","Outcome",NA,"incidence_100000_pys_95CI_lower","numeric","282.753","incidence_start_date &&& incidence_end_date &&& analysis_interval","2002-01-01 &&& 2002-12-31 &&& years"
"1","postgres_omop","denominator_cohort_name &&& outcome_cohort_name","denominator_cohort_1 &&& neoplasm","overall","overall","Outcome",NA,"incidence_100000_pys_95CI_upper","numeric","455.091","incidence_start_date &&& incidence_end_date &&& analysis_interval","2002-01-01 &&& 2002-12-31 &&& years"
"1","postgres_omop","denominator_cohort_name &&& outcome_cohort_name","denominator_cohort_1 &&& neoplasm","overall","overall","Denominator",NA,"denominator_count","integer","23127","incidence_start_date &&& incidence_end_date &&& analysis_interval","2003-01-01 &&& 2003-12-31 &&& years"
"1","postgres_omop","denominator_cohort_name &&& outcome_cohort_name","denominator_cohort_1 &&& neoplasm","overall","overall","Outcome",NA,"outcome_count","integer","88","incidence_start_date &&& incidence_end_date &&& analysis_interval","2003-01-01 &&& 2003-12-31 &&& years"
"1","postgres_omop","denominator_cohort_name &&& outcome_cohort_name","denominator_cohort_1 &&& neoplasm","overall","overall","Denominator",NA,"person_days","numeric","8028884","incidence_start_date &&& incidence_end_date &&& analysis_interval","2003-01-01 &&& 2003-12-31 &&& years"
"1","postgres_omop","denominator_cohort_name &&& outcome_cohort_name","denominator_cohort_1 &&& neoplasm","overall","overall","Denominator",NA,"person_years","numeric","21981.886","incidence_start_date &&& incidence_end_date &&& analysis_interval","2003-01-01 &&& 2003-12-31 &&& years"
"1","postgres_omop","denominator_cohort_name &&& outcome_cohort_name","denominator_cohort_1 &&& neoplasm","overall","overall","Outcome",NA,"incidence_100000_pys","numeric","400.33","incidence_start_date &&& incidence_end_date &&& analysis_interval","2003-01-01 &&& 2003-12-31 &&& years"
"1","postgres_omop","denominator_cohort_name &&& outcome_cohort_name","denominator_cohort_1 &&& neoplasm","overall","overall","Outcome",NA,"incidence_100000_pys_95CI_lower","numeric","321.076","incidence_start_date &&& incidence_end_date &&& analysis_interval","2003-01-01 &&& 2003-12-31 &&& years"
"1","postgres_omop","denominator_cohort_name &&& outcome_cohort_name","denominator_cohort_1 &&& neoplasm","overall","overall","Outcome",NA,"incidence_100000_pys_95CI_upper","numeric","493.217","incidence_start_date &&& incidence_end_date &&& analysis_interval","2003-01-01 &&& 2003-12-31 &&& years"
"1","postgres_omop","denominator_cohort_name &&& outcome_cohort_name","denominator_cohort_1 &&& neoplasm","overall","overall","Denominator",NA,"denominator_count","integer","25715","incidence_start_date &&& incidence_end_date &&& analysis_interval","2004-01-01 &&& 2004-12-31 &&& years"
"1","postgres_omop","denominator_cohort_name &&& outcome_cohort_name","denominator_cohort_1 &&& neoplasm","overall","overall","Outcome",NA,"outcome_count","integer","110","incidence_start_date &&& incidence_end_date &&& analysis_interval","2004-01-01 &&& 2004-12-31 &&& years"
"1","postgres_omop","denominator_cohort_name &&& outcome_cohort_name","denominator_cohort_1 &&& neoplasm","overall","overall","Denominator",NA,"person_days","numeric","8887510","incidence_start_date &&& incidence_end_date &&& analysis_interval","2004-01-01 &&& 2004-12-31 &&& years"
"1","postgres_omop","denominator_cohort_name &&& outcome_cohort_name","denominator_cohort_1 &&& neoplasm","overall","overall","Denominator",NA,"person_years","numeric","24332.676","incidence_start_date &&& incidence_end_date &&& analysis_interval","2004-01-01 &&& 2004-12-31 &&& years"
"1","postgres_omop","denominator_cohort_name &&& outcome_cohort_name","denominator_cohort_1 &&& neoplasm","overall","overall","Outcome",NA,"incidence_100000_pys","numeric","452.067","incidence_start_date &&& incidence_end_date &&& analysis_interval","2004-01-01 &&& 2004-12-31 &&& years"
"1","postgres_omop","denominator_cohort_name &&& outcome_cohort_name","denominator_cohort_1 &&& neoplasm","overall","overall","Outcome",NA,"incidence_100000_pys_95CI_lower","numeric","371.544","incidence_start_date &&& incidence_end_date &&& analysis_interval","2004-01-01 &&& 2004-12-31 &&& years"
"1","postgres_omop","denominator_cohort_name &&& outcome_cohort_name","denominator_cohort_1 &&& neoplasm","overall","overall","Outcome",NA,"incidence_100000_pys_95CI_upper","numeric","544.863","incidence_start_date &&& incidence_end_date &&& analysis_interval","2004-01-01 &&& 2004-12-31 &&& years"
"1","postgres_omop","denominator_cohort_name &&& outcome_cohort_name","denominator_cohort_1 &&& neoplasm","overall","overall","Denominator",NA,"denominator_count","integer","42521","incidence_start_date &&& incidence_end_date &&& analysis_interval","2005-01-01 &&& 2005-12-31 &&& years"
"1","postgres_omop","denominator_cohort_name &&& outcome_cohort_name","denominator_cohort_1 &&& neoplasm","overall","overall","Outcome",NA,"outcome_count","integer","0","incidence_start_date &&& incidence_end_date &&& analysis_interval","2005-01-01 &&& 2005-12-31 &&& years"
"1","postgres_omop","denominator_cohort_name &&& outcome_cohort_name","denominator_cohort_1 &&& neoplasm","overall","overall","Denominator",NA,"person_days","numeric","12906910","incidence_start_date &&& incidence_end_date &&& analysis_interval","2005-01-01 &&& 2005-12-31 &&& years"
"1","postgres_omop","denominator_cohort_name &&& outcome_cohort_name","denominator_cohort_1 &&& neoplasm","overall","overall","Denominator",NA,"person_years","numeric","35337.194","incidence_start_date &&& incidence_end_date &&& analysis_interval","2005-01-01 &&& 2005-12-31 &&& years"
"1","postgres_omop","denominator_cohort_name &&& outcome_cohort_name","denominator_cohort_1 &&& neoplasm","overall","overall","Outcome",NA,"incidence_100000_pys","numeric","0","incidence_start_date &&& incidence_end_date &&& analysis_interval","2005-01-01 &&& 2005-12-31 &&& years"
"1","postgres_omop","denominator_cohort_name &&& outcome_cohort_name","denominator_cohort_1 &&& neoplasm","overall","overall","Outcome",NA,"incidence_100000_pys_95CI_lower","numeric","0","incidence_start_date &&& incidence_end_date &&& analysis_interval","2005-01-01 &&& 2005-12-31 &&& years"
"1","postgres_omop","denominator_cohort_name &&& outcome_cohort_name","denominator_cohort_1 &&& neoplasm","overall","overall","Outcome",NA,"incidence_100000_pys_95CI_upper","numeric","10.439","incidence_start_date &&& incidence_end_date &&& analysis_interval","2005-01-01 &&& 2005-12-31 &&& years"
"1","postgres_omop","denominator_cohort_name &&& outcome_cohort_name","denominator_cohort_1 &&& neoplasm","overall","overall","Denominator",NA,"denominator_count","integer","46569","incidence_start_date &&& incidence_end_date &&& analysis_interval","2006-01-01 &&& 2006-12-31 &&& years"
"1","postgres_omop","denominator_cohort_name &&& outcome_cohort_name","denominator_cohort_1 &&& neoplasm","overall","overall","Outcome",NA,"outcome_count","integer","0","incidence_start_date &&& incidence_end_date &&& analysis_interval","2006-01-01 &&& 2006-12-31 &&& years"
"1","postgres_omop","denominator_cohort_name &&& outcome_cohort_name","denominator_cohort_1 &&& neoplasm","overall","overall","Denominator",NA,"person_days","numeric","16390889","incidence_start_date &&& incidence_end_date &&& analysis_interval","2006-01-01 &&& 2006-12-31 &&& years"
"1","postgres_omop","denominator_cohort_name &&& outcome_cohort_name","denominator_cohort_1 &&& neoplasm","overall","overall","Denominator",NA,"person_years","numeric","44875.808","incidence_start_date &&& incidence_end_date &&& analysis_interval","2006-01-01 &&& 2006-12-31 &&& years"
"1","postgres_omop","denominator_cohort_name &&& outcome_cohort_name","denominator_cohort_1 &&& neoplasm","overall","overall","Outcome",NA,"incidence_100000_pys","numeric","0","incidence_start_date &&& incidence_end_date &&& analysis_interval","2006-01-01 &&& 2006-12-31 &&& years"
"1","postgres_omop","denominator_cohort_name &&& outcome_cohort_name","denominator_cohort_1 &&& neoplasm","overall","overall","Outcome",NA,"incidence_100000_pys_95CI_lower","numeric","0","incidence_start_date &&& incidence_end_date &&& analysis_interval","2006-01-01 &&& 2006-12-31 &&& years"
"1","postgres_omop","denominator_cohort_name &&& outcome_cohort_name","denominator_cohort_1 &&& neoplasm","overall","overall","Outcome",NA,"incidence_100000_pys_95CI_upper","numeric","8.22","incidence_start_date &&& incidence_end_date &&& analysis_interval","2006-01-01 &&& 2006-12-31 &&& years"
"1","postgres_omop","denominator_cohort_name &&& outcome_cohort_name","denominator_cohort_1 &&& neoplasm","overall","overall","Denominator",NA,"denominator_count","integer","47347","incidence_start_date &&& incidence_end_date &&& analysis_interval","2007-01-01 &&& 2007-12-31 &&& years"
"1","postgres_omop","denominator_cohort_name &&& outcome_cohort_name","denominator_cohort_1 &&& neoplasm","overall","overall","Outcome",NA,"outcome_count","integer","0","incidence_start_date &&& incidence_end_date &&& analysis_interval","2007-01-01 &&& 2007-12-31 &&& years"
"1","postgres_omop","denominator_cohort_name &&& outcome_cohort_name","denominator_cohort_1 &&& neoplasm","overall","overall","Denominator",NA,"person_days","numeric","17065454","incidence_start_date &&& incidence_end_date &&& analysis_interval","2007-01-01 &&& 2007-12-31 &&& years"
"1","postgres_omop","denominator_cohort_name &&& outcome_cohort_name","denominator_cohort_1 &&& neoplasm","overall","overall","Denominator",NA,"person_years","numeric","46722.667","incidence_start_date &&& incidence_end_date &&& analysis_interval","2007-01-01 &&& 2007-12-31 &&& years"
"1","postgres_omop","denominator_cohort_name &&& outcome_cohort_name","denominator_cohort_1 &&& neoplasm","overall","overall","Outcome",NA,"incidence_100000_pys","numeric","0","incidence_start_date &&& incidence_end_date &&& analysis_interval","2007-01-01 &&& 2007-12-31 &&& years"
"1","postgres_omop","denominator_cohort_name &&& outcome_cohort_name","denominator_cohort_1 &&& neoplasm","overall","overall","Outcome",NA,"incidence_100000_pys_95CI_lower","numeric","0","incidence_start_date &&& incidence_end_date &&& analysis_interval","2007-01-01 &&& 2007-12-31 &&& years"
"1","postgres_omop","denominator_cohort_name &&& outcome_cohort_name","denominator_cohort_1 &&& neoplasm","overall","overall","Outcome",NA,"incidence_100000_pys_95CI_upper","numeric","7.895","incidence_start_date &&& incidence_end_date &&& analysis_interval","2007-01-01 &&& 2007-12-31 &&& years"
"1","postgres_omop","denominator_cohort_name &&& outcome_cohort_name","denominator_cohort_1 &&& neoplasm","overall","overall","Denominator",NA,"denominator_count","integer","47743","incidence_start_date &&& incidence_end_date &&& analysis_interval","2008-01-01 &&& 2008-12-31 &&& years"
"1","postgres_omop","denominator_cohort_name &&& outcome_cohort_name","denominator_cohort_1 &&& neoplasm","overall","overall","Outcome",NA,"outcome_count","integer","0","incidence_start_date &&& incidence_end_date &&& analysis_interval","2008-01-01 &&& 2008-12-31 &&& years"
"1","postgres_omop","denominator_cohort_name &&& outcome_cohort_name","denominator_cohort_1 &&& neoplasm","overall","overall","Denominator",NA,"person_days","numeric","17173154","incidence_start_date &&& incidence_end_date &&& analysis_interval","2008-01-01 &&& 2008-12-31 &&& years"
"1","postgres_omop","denominator_cohort_name &&& outcome_cohort_name","denominator_cohort_1 &&& neoplasm","overall","overall","Denominator",NA,"person_years","numeric","47017.533","incidence_start_date &&& incidence_end_date &&& analysis_interval","2008-01-01 &&& 2008-12-31 &&& years"
"1","postgres_omop","denominator_cohort_name &&& outcome_cohort_name","denominator_cohort_1 &&& neoplasm","overall","overall","Outcome",NA,"incidence_100000_pys","numeric","0","incidence_start_date &&& incidence_end_date &&& analysis_interval","2008-01-01 &&& 2008-12-31 &&& years"
"1","postgres_omop","denominator_cohort_name &&& outcome_cohort_name","denominator_cohort_1 &&& neoplasm","overall","overall","Outcome",NA,"incidence_100000_pys_95CI_lower","numeric","0","incidence_start_date &&& incidence_end_date &&& analysis_interval","2008-01-01 &&& 2008-12-31 &&& years"
"1","postgres_omop","denominator_cohort_name &&& outcome_cohort_name","denominator_cohort_1 &&& neoplasm","overall","overall","Outcome",NA,"incidence_100000_pys_95CI_upper","numeric","7.846","incidence_start_date &&& incidence_end_date &&& analysis_interval","2008-01-01 &&& 2008-12-31 &&& years"
"1","postgres_omop","denominator_cohort_name &&& outcome_cohort_name","denominator_cohort_1 &&& neoplasm","overall","overall","Denominator",NA,"denominator_count","integer","47096","incidence_start_date &&& incidence_end_date &&& analysis_interval","2009-01-01 &&& 2009-12-31 &&& years"
"1","postgres_omop","denominator_cohort_name &&& outcome_cohort_name","denominator_cohort_1 &&& neoplasm","overall","overall","Outcome",NA,"outcome_count","integer","0","incidence_start_date &&& incidence_end_date &&& analysis_interval","2009-01-01 &&& 2009-12-31 &&& years"
"1","postgres_omop","denominator_cohort_name &&& outcome_cohort_name","denominator_cohort_1 &&& neoplasm","overall","overall","Denominator",NA,"person_days","numeric","16786502","incidence_start_date &&& incidence_end_date &&& analysis_interval","2009-01-01 &&& 2009-12-31 &&& years"
"1","postgres_omop","denominator_cohort_name &&& outcome_cohort_name","denominator_cohort_1 &&& neoplasm","overall","overall","Denominator",NA,"person_years","numeric","45958.938","incidence_start_date &&& incidence_end_date &&& analysis_interval","2009-01-01 &&& 2009-12-31 &&& years"
"1","postgres_omop","denominator_cohort_name &&& outcome_cohort_name","denominator_cohort_1 &&& neoplasm","overall","overall","Outcome",NA,"incidence_100000_pys","numeric","0","incidence_start_date &&& incidence_end_date &&& analysis_interval","2009-01-01 &&& 2009-12-31 &&& years"
"1","postgres_omop","denominator_cohort_name &&& outcome_cohort_name","denominator_cohort_1 &&& neoplasm","overall","overall","Outcome",NA,"incidence_100000_pys_95CI_lower","numeric","0","incidence_start_date &&& incidence_end_date &&& analysis_interval","2009-01-01 &&& 2009-12-31 &&& years"
"1","postgres_omop","denominator_cohort_name &&& outcome_cohort_name","denominator_cohort_1 &&& neoplasm","overall","overall","Outcome",NA,"incidence_100000_pys_95CI_upper","numeric","8.026","incidence_start_date &&& incidence_end_date &&& analysis_interval","2009-01-01 &&& 2009-12-31 &&& years"
"1","postgres_omop","denominator_cohort_name &&& outcome_cohort_name","denominator_cohort_1 &&& neoplasm","overall","overall","Denominator",NA,"denominator_count","integer","45471","incidence_start_date &&& incidence_end_date &&& analysis_interval","2010-01-01 &&& 2010-12-31 &&& years"
"1","postgres_omop","denominator_cohort_name &&& outcome_cohort_name","denominator_cohort_1 &&& neoplasm","overall","overall","Outcome",NA,"outcome_count","integer","0","incidence_start_date &&& incidence_end_date &&& analysis_interval","2010-01-01 &&& 2010-12-31 &&& years"
"1","postgres_omop","denominator_cohort_name &&& outcome_cohort_name","denominator_cohort_1 &&& neoplasm","overall","overall","Denominator",NA,"person_days","numeric","15443416","incidence_start_date &&& incidence_end_date &&& analysis_interval","2010-01-01 &&& 2010-12-31 &&& years"
"1","postgres_omop","denominator_cohort_name &&& outcome_cohort_name","denominator_cohort_1 &&& neoplasm","overall","overall","Denominator",NA,"person_years","numeric","42281.769","incidence_start_date &&& incidence_end_date &&& analysis_interval","2010-01-01 &&& 2010-12-31 &&& years"
"1","postgres_omop","denominator_cohort_name &&& outcome_cohort_name","denominator_cohort_1 &&& neoplasm","overall","overall","Outcome",NA,"incidence_100000_pys","numeric","0","incidence_start_date &&& incidence_end_date &&& analysis_interval","2010-01-01 &&& 2010-12-31 &&& years"
"1","postgres_omop","denominator_cohort_name &&& outcome_cohort_name","denominator_cohort_1 &&& neoplasm","overall","overall","Outcome",NA,"incidence_100000_pys_95CI_lower","numeric","0","incidence_start_date &&& incidence_end_date &&& analysis_interval","2010-01-01 &&& 2010-12-31 &&& years"
"1","postgres_omop","denominator_cohort_name &&& outcome_cohort_name","denominator_cohort_1 &&& neoplasm","overall","overall","Outcome",NA,"incidence_100000_pys_95CI_upper","numeric","8.725","incidence_start_date &&& incidence_end_date &&& analysis_interval","2010-01-01 &&& 2010-12-31 &&& years"
"1","postgres_omop","denominator_cohort_name &&& outcome_cohort_name","denominator_cohort_1 &&& neoplasm","overall","overall","Denominator",NA,"denominator_count","integer","37280","incidence_start_date &&& incidence_end_date &&& analysis_interval","2011-01-01 &&& 2011-12-31 &&& years"
"1","postgres_omop","denominator_cohort_name &&& outcome_cohort_name","denominator_cohort_1 &&& neoplasm","overall","overall","Outcome",NA,"outcome_count","integer","0","incidence_start_date &&& incidence_end_date &&& analysis_interval","2011-01-01 &&& 2011-12-31 &&& years"
"1","postgres_omop","denominator_cohort_name &&& outcome_cohort_name","denominator_cohort_1 &&& neoplasm","overall","overall","Denominator",NA,"person_days","numeric","7244178","incidence_start_date &&& incidence_end_date &&& analysis_interval","2011-01-01 &&& 2011-12-31 &&& years"
"1","postgres_omop","denominator_cohort_name &&& outcome_cohort_name","denominator_cohort_1 &&& neoplasm","overall","overall","Denominator",NA,"person_years","numeric","19833.478","incidence_start_date &&& incidence_end_date &&& analysis_interval","2011-01-01 &&& 2011-12-31 &&& years"
"1","postgres_omop","denominator_cohort_name &&& outcome_cohort_name","denominator_cohort_1 &&& neoplasm","overall","overall","Outcome",NA,"incidence_100000_pys","numeric","0","incidence_start_date &&& incidence_end_date &&& analysis_interval","2011-01-01 &&& 2011-12-31 &&& years"
"1","postgres_omop","denominator_cohort_name &&& outcome_cohort_name","denominator_cohort_1 &&& neoplasm","overall","overall","Outcome",NA,"incidence_100000_pys_95CI_lower","numeric","0","incidence_start_date &&& incidence_end_date &&& analysis_interval","2011-01-01 &&& 2011-12-31 &&& years"
"1","postgres_omop","denominator_cohort_name &&& outcome_cohort_name","denominator_cohort_1 &&& neoplasm","overall","overall","Outcome",NA,"incidence_100000_pys_95CI_upper","numeric","18.599","incidence_start_date &&& incidence_end_date &&& analysis_interval","2011-01-01 &&& 2011-12-31 &&& years"
"2","postgres_omop","denominator_cohort_name &&& outcome_cohort_name","denominator_cohort_1 &&& neoplasm","reason","Starting population","number_records",NA,"count","integer","49761","reason_id","1"
"2","postgres_omop","denominator_cohort_name &&& outcome_cohort_name","denominator_cohort_1 &&& neoplasm","reason","Starting population","number_subjects",NA,"count","integer","49761","reason_id","1"
"2","postgres_omop","denominator_cohort_name &&& outcome_cohort_name","denominator_cohort_1 &&& neoplasm","reason","Starting population","excluded_records",NA,"count","integer",NA,"reason_id","1"
"2","postgres_omop","denominator_cohort_name &&& outcome_cohort_name","denominator_cohort_1 &&& neoplasm","reason","Starting population","excluded_subjects",NA,"count","integer",NA,"reason_id","1"
"2","postgres_omop","denominator_cohort_name &&& outcome_cohort_name","denominator_cohort_1 &&& neoplasm","reason","Missing year of birth","number_records",NA,"count","integer","49761","reason_id","2"
"2","postgres_omop","denominator_cohort_name &&& outcome_cohort_name","denominator_cohort_1 &&& neoplasm","reason","Missing year of birth","number_subjects",NA,"count","integer","49761","reason_id","2"
"2","postgres_omop","denominator_cohort_name &&& outcome_cohort_name","denominator_cohort_1 &&& neoplasm","reason","Missing year of birth","excluded_records",NA,"count","integer","0","reason_id","2"
"2","postgres_omop","denominator_cohort_name &&& outcome_cohort_name","denominator_cohort_1 &&& neoplasm","reason","Missing year of birth","excluded_subjects",NA,"count","integer","0","reason_id","2"
"2","postgres_omop","denominator_cohort_name &&& outcome_cohort_name","denominator_cohort_1 &&& neoplasm","reason","Missing sex","number_records",NA,"count","integer","49761","reason_id","3"
"2","postgres_omop","denominator_cohort_name &&& outcome_cohort_name","denominator_cohort_1 &&& neoplasm","reason","Missing sex","number_subjects",NA,"count","integer","49761","reason_id","3"
"2","postgres_omop","denominator_cohort_name &&& outcome_cohort_name","denominator_cohort_1 &&& neoplasm","reason","Missing sex","excluded_records",NA,"count","integer","0","reason_id","3"
"2","postgres_omop","denominator_cohort_name &&& outcome_cohort_name","denominator_cohort_1 &&& neoplasm","reason","Missing sex","excluded_subjects",NA,"count","integer","0","reason_id","3"
"2","postgres_omop","denominator_cohort_name &&& outcome_cohort_name","denominator_cohort_1 &&& neoplasm","reason","Cannot satisfy age criteria during the study period based on year of birth","number_records",NA,"count","integer","49761","reason_id","4"
"2","postgres_omop","denominator_cohort_name &&& outcome_cohort_name","denominator_cohort_1 &&& neoplasm","reason","Cannot satisfy age criteria during the study period based on year of birth","number_subjects",NA,"count","integer","49761","reason_id","4"
"2","postgres_omop","denominator_cohort_name &&& outcome_cohort_name","denominator_cohort_1 &&& neoplasm","reason","Cannot satisfy age criteria during the study period based on year of birth","excluded_records",NA,"count","integer","0","reason_id","4"
"2","postgres_omop","denominator_cohort_name &&& outcome_cohort_name","denominator_cohort_1 &&& neoplasm","reason","Cannot satisfy age criteria during the study period based on year of birth","excluded_subjects",NA,"count","integer","0","reason_id","4"
"2","postgres_omop","denominator_cohort_name &&& outcome_cohort_name","denominator_cohort_1 &&& neoplasm","reason","No observation time available during study period","number_records",NA,"count","integer","49761","reason_id","5"
"2","postgres_omop","denominator_cohort_name &&& outcome_cohort_name","denominator_cohort_1 &&& neoplasm","reason","No observation time available during study period","number_subjects",NA,"count","integer","49761","reason_id","5"
"2","postgres_omop","denominator_cohort_name &&& outcome_cohort_name","denominator_cohort_1 &&& neoplasm","reason","No observation time available during study period","excluded_records",NA,"count","integer","0","reason_id","5"
"2","postgres_omop","denominator_cohort_name &&& outcome_cohort_name","denominator_cohort_1 &&& neoplasm","reason","No observation time available during study period","excluded_subjects",NA,"count","integer","0","reason_id","5"
"2","postgres_omop","denominator_cohort_name &&& outcome_cohort_name","denominator_cohort_1 &&& neoplasm","reason","Doesn't satisfy age criteria during the study period","number_records",NA,"count","integer","49761","reason_id","6"
"2","postgres_omop","denominator_cohort_name &&& outcome_cohort_name","denominator_cohort_1 &&& neoplasm","reason","Doesn't satisfy age criteria during the study period","number_subjects",NA,"count","integer","49761","reason_id","6"
"2","postgres_omop","denominator_cohort_name &&& outcome_cohort_name","denominator_cohort_1 &&& neoplasm","reason","Doesn't satisfy age criteria during the study period","excluded_records",NA,"count","integer","0","reason_id","6"
"2","postgres_omop","denominator_cohort_name &&& outcome_cohort_name","denominator_cohort_1 &&& neoplasm","reason","Doesn't satisfy age criteria during the study period","excluded_subjects",NA,"count","integer","0","reason_id","6"
"2","postgres_omop","denominator_cohort_name &&& outcome_cohort_name","denominator_cohort_1 &&& neoplasm","reason","Prior history requirement not fulfilled during study period","number_records",NA,"count","integer","49761","reason_id","7"
"2","postgres_omop","denominator_cohort_name &&& outcome_cohort_name","denominator_cohort_1 &&& neoplasm","reason","Prior history requirement not fulfilled during study period","number_subjects",NA,"count","integer","49761","reason_id","7"
"2","postgres_omop","denominator_cohort_name &&& outcome_cohort_name","denominator_cohort_1 &&& neoplasm","reason","Prior history requirement not fulfilled during study period","excluded_records",NA,"count","integer","0","reason_id","7"
"2","postgres_omop","denominator_cohort_name &&& outcome_cohort_name","denominator_cohort_1 &&& neoplasm","reason","Prior history requirement not fulfilled during study period","excluded_subjects",NA,"count","integer","0","reason_id","7"
"2","postgres_omop","denominator_cohort_name &&& outcome_cohort_name","denominator_cohort_1 &&& neoplasm","reason","No observation time available after applying age, prior observation and, if applicable, target criteria","number_records",NA,"count","integer","49761","reason_id","10"
"2","postgres_omop","denominator_cohort_name &&& outcome_cohort_name","denominator_cohort_1 &&& neoplasm","reason","No observation time available after applying age, prior observation and, if applicable, target criteria","number_subjects",NA,"count","integer","49761","reason_id","10"
"2","postgres_omop","denominator_cohort_name &&& outcome_cohort_name","denominator_cohort_1 &&& neoplasm","reason","No observation time available after applying age, prior observation and, if applicable, target criteria","excluded_records",NA,"count","integer","0","reason_id","10"
"2","postgres_omop","denominator_cohort_name &&& outcome_cohort_name","denominator_cohort_1 &&& neoplasm","reason","No observation time available after applying age, prior observation and, if applicable, target criteria","excluded_subjects",NA,"count","integer","0","reason_id","10"
"2","postgres_omop","denominator_cohort_name &&& outcome_cohort_name","denominator_cohort_1 &&& neoplasm","reason","Starting analysis population","number_records",NA,"count","integer","49761","reason_id","11"
"2","postgres_omop","denominator_cohort_name &&& outcome_cohort_name","denominator_cohort_1 &&& neoplasm","reason","Starting analysis population","number_subjects",NA,"count","integer","49761","reason_id","11"
"2","postgres_omop","denominator_cohort_name &&& outcome_cohort_name","denominator_cohort_1 &&& neoplasm","reason","Starting analysis population","excluded_records",NA,"count","integer",NA,"reason_id","11"
"2","postgres_omop","denominator_cohort_name &&& outcome_cohort_name","denominator_cohort_1 &&& neoplasm","reason","Starting analysis population","excluded_subjects",NA,"count","integer",NA,"reason_id","11"
"2","postgres_omop","denominator_cohort_name &&& outcome_cohort_name","denominator_cohort_1 &&& neoplasm","reason","Apply washout criteria of 0 days (note, additional records may be created for those with an outcome)","number_records",NA,"count","integer","49761","reason_id","12"
"2","postgres_omop","denominator_cohort_name &&& outcome_cohort_name","denominator_cohort_1 &&& neoplasm","reason","Apply washout criteria of 0 days (note, additional records may be created for those with an outcome)","number_subjects",NA,"count","integer","49761","reason_id","12"
"2","postgres_omop","denominator_cohort_name &&& outcome_cohort_name","denominator_cohort_1 &&& neoplasm","reason","Apply washout criteria of 0 days (note, additional records may be created for those with an outcome)","excluded_records",NA,"count","integer","0","reason_id","12"
"2","postgres_omop","denominator_cohort_name &&& outcome_cohort_name","denominator_cohort_1 &&& neoplasm","reason","Apply washout criteria of 0 days (note, additional records may be created for those with an outcome)","excluded_subjects",NA,"count","integer","0","reason_id","12"
"2","postgres_omop","denominator_cohort_name &&& outcome_cohort_name","denominator_cohort_1 &&& neoplasm","reason","Not observed during the complete database interval","number_records",NA,"count","integer","49761","reason_id","14"
"2","postgres_omop","denominator_cohort_name &&& outcome_cohort_name","denominator_cohort_1 &&& neoplasm","reason","Not observed during the complete database interval","number_subjects",NA,"count","integer","49761","reason_id","14"
"2","postgres_omop","denominator_cohort_name &&& outcome_cohort_name","denominator_cohort_1 &&& neoplasm","reason","Not observed during the complete database interval","excluded_records",NA,"count","integer","0","reason_id","14"
"2","postgres_omop","denominator_cohort_name &&& outcome_cohort_name","denominator_cohort_1 &&& neoplasm","reason","Not observed during the complete database interval","excluded_subjects",NA,"count","integer","0","reason_id","14"
"1",NA,"overall","overall","overall","overall","settings",NA,"result_type","character","incidence","overall","overall"
"1",NA,"overall","overall","overall","overall","settings",NA,"package_name","character","IncidencePrevalence","overall","overall"
"1",NA,"overall","overall","overall","overall","settings",NA,"package_version","character","1.2.1","overall","overall"
"1",NA,"overall","overall","overall","overall","settings",NA,"group","character","denominator_cohort_name &&& outcome_cohort_name","overall","overall"
"1",NA,"overall","overall","overall","overall","settings",NA,"strata","character","","overall","overall"
"1",NA,"overall","overall","overall","overall","settings",NA,"additional","character","incidence_start_date &&& incidence_end_date &&& analysis_interval","overall","overall"
"1",NA,"overall","overall","overall","overall","settings",NA,"min_cell_count","character","5","overall","overall"
"1",NA,"overall","overall","overall","overall","settings",NA,"analysis_censor_cohort_name","character","None","overall","overall"
"1",NA,"overall","overall","overall","overall","settings",NA,"analysis_complete_database_intervals","character","TRUE","overall","overall"
"1",NA,"overall","overall","overall","overall","settings",NA,"analysis_outcome_washout","character","0","overall","overall"
"1",NA,"overall","overall","overall","overall","settings",NA,"analysis_repeated_events","character","FALSE","overall","overall"
"1",NA,"overall","overall","overall","overall","settings",NA,"denominator_age_group","character","0 to 150","overall","overall"
"1",NA,"overall","overall","overall","overall","settings",NA,"denominator_days_prior_observation","character","0","overall","overall"
"1",NA,"overall","overall","overall","overall","settings",NA,"denominator_end_date","character","2100-01-01","overall","overall"
"1",NA,"overall","overall","overall","overall","settings",NA,"denominator_requirements_at_entry","character","FALSE","overall","overall"
"1",NA,"overall","overall","overall","overall","settings",NA,"denominator_sex","character","Both","overall","overall"
"1",NA,"overall","overall","overall","overall","settings",NA,"denominator_start_date","character","1900-01-01","overall","overall"
"1",NA,"overall","overall","overall","overall","settings",NA,"denominator_target_cohort_name","character","None","overall","overall"
"1",NA,"overall","overall","overall","overall","settings",NA,"denominator_time_at_risk","character","0 to Inf","overall","overall"
"2",NA,"overall","overall","overall","overall","settings",NA,"result_type","character","incidence_attrition","overall","overall"
"2",NA,"overall","overall","overall","overall","settings",NA,"package_name","character","IncidencePrevalence","overall","overall"
"2",NA,"overall","overall","overall","overall","settings",NA,"package_version","character","1.2.1","overall","overall"
"2",NA,"overall","overall","overall","overall","settings",NA,"group","character","denominator_cohort_name &&& outcome_cohort_name","overall","overall"
"2",NA,"overall","overall","overall","overall","settings",NA,"strata","character","reason","overall","overall"
"2",NA,"overall","overall","overall","overall","settings",NA,"additional","character","reason_id","overall","overall"
"2",NA,"overall","overall","overall","overall","settings",NA,"min_cell_count","character","5","overall","overall"
"2",NA,"overall","overall","overall","overall","settings",NA,"analysis_censor_cohort_name","character","None","overall","overall"
"2",NA,"overall","overall","overall","overall","settings",NA,"analysis_complete_database_intervals","character","TRUE","overall","overall"
"2",NA,"overall","overall","overall","overall","settings",NA,"analysis_outcome_washout","character","0","overall","overall"
"2",NA,"overall","overall","overall","overall","settings",NA,"analysis_repeated_events","character","FALSE","overall","overall"
"2",NA,"overall","overall","overall","overall","settings",NA,"denominator_age_group","character","0 to 150","overall","overall"
"2",NA,"overall","overall","overall","overall","settings",NA,"denominator_days_prior_observation","character","0","overall","overall"
"2",NA,"overall","overall","overall","overall","settings",NA,"denominator_end_date","character","2100-01-01","overall","overall"
"2",NA,"overall","overall","overall","overall","settings",NA,"denominator_requirements_at_entry","character","FALSE","overall","overall"
"2",NA,"overall","overall","overall","overall","settings",NA,"denominator_sex","character","Both","overall","overall"
"2",NA,"overall","overall","overall","overall","settings",NA,"denominator_start_date","character","1900-01-01","overall","overall"
"2",NA,"overall","overall","overall","overall","settings",NA,"denominator_target_cohort_name","character","None","overall","overall"
"2",NA,"overall","overall","overall","overall","settings",NA,"denominator_time_at_risk","character","0 to Inf","overall","overall"
