"result_id","cdm_name","group_name","group_level","strata_name","strata_level","variable_name","variable_level","estimate_name","estimate_type","estimate_value","additional_name","additional_level"
"1","postgres_omop","denominator_cohort_name &&& outcome_cohort_name","denominator_cohort_1 &&& neoplasm","overall","overall","Denominator",NA,"denominator_count","integer","10","prevalence_start_date &&& prevalence_end_date &&& analysis_interval","1927-01-01 &&& 1927-12-31 &&& years"
"1","postgres_omop","denominator_cohort_name &&& outcome_cohort_name","denominator_cohort_1 &&& neoplasm","overall","overall","Outcome",NA,"outcome_count","integer","0","prevalence_start_date &&& prevalence_end_date &&& analysis_interval","1927-01-01 &&& 1927-12-31 &&& years"
"1","postgres_omop","denominator_cohort_name &&& outcome_cohort_name","denominator_cohort_1 &&& neoplasm","overall","overall","Outcome",NA,"prevalence","numeric","0","prevalence_start_date &&& prevalence_end_date &&& analysis_interval","1927-01-01 &&& 1927-12-31 &&& years"
"1","postgres_omop","denominator_cohort_name &&& outcome_cohort_name","denominator_cohort_1 &&& neoplasm","overall","overall","Outcome",NA,"prevalence_95CI_lower","numeric","0","prevalence_start_date &&& prevalence_end_date &&& analysis_interval","1927-01-01 &&& 1927-12-31 &&& years"
"1","postgres_omop","denominator_cohort_name &&& outcome_cohort_name","denominator_cohort_1 &&& neoplasm","overall","overall","Outcome",NA,"prevalence_95CI_upper","numeric","0.27753","prevalence_start_date &&& prevalence_end_date &&& analysis_interval","1927-01-01 &&& 1927-12-31 &&& years"
"1","postgres_omop","denominator_cohort_name &&& outcome_cohort_name","denominator_cohort_1 &&& neoplasm","overall","overall","Denominator",NA,"denominator_count","integer","20","prevalence_start_date &&& prevalence_end_date &&& analysis_interval","1928-01-01 &&& 1928-12-31 &&& years"
"1","postgres_omop","denominator_cohort_name &&& outcome_cohort_name","denominator_cohort_1 &&& neoplasm","overall","overall","Outcome",NA,"outcome_count","integer","0","prevalence_start_date &&& prevalence_end_date &&& analysis_interval","1928-01-01 &&& 1928-12-31 &&& years"
"1","postgres_omop","denominator_cohort_name &&& outcome_cohort_name","denominator_cohort_1 &&& neoplasm","overall","overall","Outcome",NA,"prevalence","numeric","0","prevalence_start_date &&& prevalence_end_date &&& analysis_interval","1928-01-01 &&& 1928-12-31 &&& years"
"1","postgres_omop","denominator_cohort_name &&& outcome_cohort_name","denominator_cohort_1 &&& neoplasm","overall","overall","Outcome",NA,"prevalence_95CI_lower","numeric","0","prevalence_start_date &&& prevalence_end_date &&& analysis_interval","1928-01-01 &&& 1928-12-31 &&& years"
"1","postgres_omop","denominator_cohort_name &&& outcome_cohort_name","denominator_cohort_1 &&& neoplasm","overall","overall","Outcome",NA,"prevalence_95CI_upper","numeric","0.16113","prevalence_start_date &&& prevalence_end_date &&& analysis_interval","1928-01-01 &&& 1928-12-31 &&& years"
"1","postgres_omop","denominator_cohort_name &&& outcome_cohort_name","denominator_cohort_1 &&& neoplasm","overall","overall","Denominator",NA,"denominator_count","integer","31","prevalence_start_date &&& prevalence_end_date &&& analysis_interval","1929-01-01 &&& 1929-12-31 &&& years"
"1","postgres_omop","denominator_cohort_name &&& outcome_cohort_name","denominator_cohort_1 &&& neoplasm","overall","overall","Outcome",NA,"outcome_count","integer","0","prevalence_start_date &&& prevalence_end_date &&& analysis_interval","1929-01-01 &&& 1929-12-31 &&& years"
"1","postgres_omop","denominator_cohort_name &&& outcome_cohort_name","denominator_cohort_1 &&& neoplasm","overall","overall","Outcome",NA,"prevalence","numeric","0","prevalence_start_date &&& prevalence_end_date &&& analysis_interval","1929-01-01 &&& 1929-12-31 &&& years"
"1","postgres_omop","denominator_cohort_name &&& outcome_cohort_name","denominator_cohort_1 &&& neoplasm","overall","overall","Outcome",NA,"prevalence_95CI_lower","numeric","0","prevalence_start_date &&& prevalence_end_date &&& analysis_interval","1929-01-01 &&& 1929-12-31 &&& years"
"1","postgres_omop","denominator_cohort_name &&& outcome_cohort_name","denominator_cohort_1 &&& neoplasm","overall","overall","Outcome",NA,"prevalence_95CI_upper","numeric","0.11026","prevalence_start_date &&& prevalence_end_date &&& analysis_interval","1929-01-01 &&& 1929-12-31 &&& years"
"1","postgres_omop","denominator_cohort_name &&& outcome_cohort_name","denominator_cohort_1 &&& neoplasm","overall","overall","Denominator",NA,"denominator_count","integer","34","prevalence_start_date &&& prevalence_end_date &&& analysis_interval","1930-01-01 &&& 1930-12-31 &&& years"
"1","postgres_omop","denominator_cohort_name &&& outcome_cohort_name","denominator_cohort_1 &&& neoplasm","overall","overall","Outcome",NA,"outcome_count","integer","0","prevalence_start_date &&& prevalence_end_date &&& analysis_interval","1930-01-01 &&& 1930-12-31 &&& years"
"1","postgres_omop","denominator_cohort_name &&& outcome_cohort_name","denominator_cohort_1 &&& neoplasm","overall","overall","Outcome",NA,"prevalence","numeric","0","prevalence_start_date &&& prevalence_end_date &&& analysis_interval","1930-01-01 &&& 1930-12-31 &&& years"
"1","postgres_omop","denominator_cohort_name &&& outcome_cohort_name","denominator_cohort_1 &&& neoplasm","overall","overall","Outcome",NA,"prevalence_95CI_lower","numeric","0","prevalence_start_date &&& prevalence_end_date &&& analysis_interval","1930-01-01 &&& 1930-12-31 &&& years"
"1","postgres_omop","denominator_cohort_name &&& outcome_cohort_name","denominator_cohort_1 &&& neoplasm","overall","overall","Outcome",NA,"prevalence_95CI_upper","numeric","0.10151","prevalence_start_date &&& prevalence_end_date &&& analysis_interval","1930-01-01 &&& 1930-12-31 &&& years"
"1","postgres_omop","denominator_cohort_name &&& outcome_cohort_name","denominator_cohort_1 &&& neoplasm","overall","overall","Denominator",NA,"denominator_count","integer","44","prevalence_start_date &&& prevalence_end_date &&& analysis_interval","1931-01-01 &&& 1931-12-31 &&& years"
"1","postgres_omop","denominator_cohort_name &&& outcome_cohort_name","denominator_cohort_1 &&& neoplasm","overall","overall","Outcome",NA,"outcome_count","integer","0","prevalence_start_date &&& prevalence_end_date &&& analysis_interval","1931-01-01 &&& 1931-12-31 &&& years"
"1","postgres_omop","denominator_cohort_name &&& outcome_cohort_name","denominator_cohort_1 &&& neoplasm","overall","overall","Outcome",NA,"prevalence","numeric","0","prevalence_start_date &&& prevalence_end_date &&& analysis_interval","1931-01-01 &&& 1931-12-31 &&& years"
"1","postgres_omop","denominator_cohort_name &&& outcome_cohort_name","denominator_cohort_1 &&& neoplasm","overall","overall","Outcome",NA,"prevalence_95CI_lower","numeric","0","prevalence_start_date &&& prevalence_end_date &&& analysis_interval","1931-01-01 &&& 1931-12-31 &&& years"
"1","postgres_omop","denominator_cohort_name &&& outcome_cohort_name","denominator_cohort_1 &&& neoplasm","overall","overall","Outcome",NA,"prevalence_95CI_upper","numeric","0.0803","prevalence_start_date &&& prevalence_end_date &&& analysis_interval","1931-01-01 &&& 1931-12-31 &&& years"
"1","postgres_omop","denominator_cohort_name &&& outcome_cohort_name","denominator_cohort_1 &&& neoplasm","overall","overall","Denominator",NA,"denominator_count","integer","57","prevalence_start_date &&& prevalence_end_date &&& analysis_interval","1932-01-01 &&& 1932-12-31 &&& years"
"1","postgres_omop","denominator_cohort_name &&& outcome_cohort_name","denominator_cohort_1 &&& neoplasm","overall","overall","Outcome",NA,"outcome_count","integer","0","prevalence_start_date &&& prevalence_end_date &&& analysis_interval","1932-01-01 &&& 1932-12-31 &&& years"
"1","postgres_omop","denominator_cohort_name &&& outcome_cohort_name","denominator_cohort_1 &&& neoplasm","overall","overall","Outcome",NA,"prevalence","numeric","0","prevalence_start_date &&& prevalence_end_date &&& analysis_interval","1932-01-01 &&& 1932-12-31 &&& years"
"1","postgres_omop","denominator_cohort_name &&& outcome_cohort_name","denominator_cohort_1 &&& neoplasm","overall","overall","Outcome",NA,"prevalence_95CI_lower","numeric","0","prevalence_start_date &&& prevalence_end_date &&& analysis_interval","1932-01-01 &&& 1932-12-31 &&& years"
"1","postgres_omop","denominator_cohort_name &&& outcome_cohort_name","denominator_cohort_1 &&& neoplasm","overall","overall","Outcome",NA,"prevalence_95CI_upper","numeric","0.06314","prevalence_start_date &&& prevalence_end_date &&& analysis_interval","1932-01-01 &&& 1932-12-31 &&& years"
"1","postgres_omop","denominator_cohort_name &&& outcome_cohort_name","denominator_cohort_1 &&& neoplasm","overall","overall","Denominator",NA,"denominator_count","integer","69","prevalence_start_date &&& prevalence_end_date &&& analysis_interval","1933-01-01 &&& 1933-12-31 &&& years"
"1","postgres_omop","denominator_cohort_name &&& outcome_cohort_name","denominator_cohort_1 &&& neoplasm","overall","overall","Outcome",NA,"outcome_count","integer","0","prevalence_start_date &&& prevalence_end_date &&& analysis_interval","1933-01-01 &&& 1933-12-31 &&& years"
"1","postgres_omop","denominator_cohort_name &&& outcome_cohort_name","denominator_cohort_1 &&& neoplasm","overall","overall","Outcome",NA,"prevalence","numeric","0","prevalence_start_date &&& prevalence_end_date &&& analysis_interval","1933-01-01 &&& 1933-12-31 &&& years"
"1","postgres_omop","denominator_cohort_name &&& outcome_cohort_name","denominator_cohort_1 &&& neoplasm","overall","overall","Outcome",NA,"prevalence_95CI_lower","numeric","0","prevalence_start_date &&& prevalence_end_date &&& analysis_interval","1933-01-01 &&& 1933-12-31 &&& years"
"1","postgres_omop","denominator_cohort_name &&& outcome_cohort_name","denominator_cohort_1 &&& neoplasm","overall","overall","Outcome",NA,"prevalence_95CI_upper","numeric","0.05274","prevalence_start_date &&& prevalence_end_date &&& analysis_interval","1933-01-01 &&& 1933-12-31 &&& years"
"1","postgres_omop","denominator_cohort_name &&& outcome_cohort_name","denominator_cohort_1 &&& neoplasm","overall","overall","Denominator",NA,"denominator_count","integer","80","prevalence_start_date &&& prevalence_end_date &&& analysis_interval","1934-01-01 &&& 1934-12-31 &&& years"
"1","postgres_omop","denominator_cohort_name &&& outcome_cohort_name","denominator_cohort_1 &&& neoplasm","overall","overall","Outcome",NA,"outcome_count","integer","0","prevalence_start_date &&& prevalence_end_date &&& analysis_interval","1934-01-01 &&& 1934-12-31 &&& years"
"1","postgres_omop","denominator_cohort_name &&& outcome_cohort_name","denominator_cohort_1 &&& neoplasm","overall","overall","Outcome",NA,"prevalence","numeric","0","prevalence_start_date &&& prevalence_end_date &&& analysis_interval","1934-01-01 &&& 1934-12-31 &&& years"
"1","postgres_omop","denominator_cohort_name &&& outcome_cohort_name","denominator_cohort_1 &&& neoplasm","overall","overall","Outcome",NA,"prevalence_95CI_lower","numeric","0","prevalence_start_date &&& prevalence_end_date &&& analysis_interval","1934-01-01 &&& 1934-12-31 &&& years"
"1","postgres_omop","denominator_cohort_name &&& outcome_cohort_name","denominator_cohort_1 &&& neoplasm","overall","overall","Outcome",NA,"prevalence_95CI_upper","numeric","0.04582","prevalence_start_date &&& prevalence_end_date &&& analysis_interval","1934-01-01 &&& 1934-12-31 &&& years"
"1","postgres_omop","denominator_cohort_name &&& outcome_cohort_name","denominator_cohort_1 &&& neoplasm","overall","overall","Denominator",NA,"denominator_count","integer","88","prevalence_start_date &&& prevalence_end_date &&& analysis_interval","1935-01-01 &&& 1935-12-31 &&& years"
"1","postgres_omop","denominator_cohort_name &&& outcome_cohort_name","denominator_cohort_1 &&& neoplasm","overall","overall","Outcome",NA,"outcome_count","integer","0","prevalence_start_date &&& prevalence_end_date &&& analysis_interval","1935-01-01 &&& 1935-12-31 &&& years"
"1","postgres_omop","denominator_cohort_name &&& outcome_cohort_name","denominator_cohort_1 &&& neoplasm","overall","overall","Outcome",NA,"prevalence","numeric","0","prevalence_start_date &&& prevalence_end_date &&& analysis_interval","1935-01-01 &&& 1935-12-31 &&& years"
"1","postgres_omop","denominator_cohort_name &&& outcome_cohort_name","denominator_cohort_1 &&& neoplasm","overall","overall","Outcome",NA,"prevalence_95CI_lower","numeric","0","prevalence_start_date &&& prevalence_end_date &&& analysis_interval","1935-01-01 &&& 1935-12-31 &&& years"
"1","postgres_omop","denominator_cohort_name &&& outcome_cohort_name","denominator_cohort_1 &&& neoplasm","overall","overall","Outcome",NA,"prevalence_95CI_upper","numeric","0.04183","prevalence_start_date &&& prevalence_end_date &&& analysis_interval","1935-01-01 &&& 1935-12-31 &&& years"
"1","postgres_omop","denominator_cohort_name &&& outcome_cohort_name","denominator_cohort_1 &&& neoplasm","overall","overall","Denominator",NA,"denominator_count","integer","99","prevalence_start_date &&& prevalence_end_date &&& analysis_interval","1936-01-01 &&& 1936-12-31 &&& years"
"1","postgres_omop","denominator_cohort_name &&& outcome_cohort_name","denominator_cohort_1 &&& neoplasm","overall","overall","Outcome",NA,"outcome_count","integer","0","prevalence_start_date &&& prevalence_end_date &&& analysis_interval","1936-01-01 &&& 1936-12-31 &&& years"
"1","postgres_omop","denominator_cohort_name &&& outcome_cohort_name","denominator_cohort_1 &&& neoplasm","overall","overall","Outcome",NA,"prevalence","numeric","0","prevalence_start_date &&& prevalence_end_date &&& analysis_interval","1936-01-01 &&& 1936-12-31 &&& years"
"1","postgres_omop","denominator_cohort_name &&& outcome_cohort_name","denominator_cohort_1 &&& neoplasm","overall","overall","Outcome",NA,"prevalence_95CI_lower","numeric","0","prevalence_start_date &&& prevalence_end_date &&& analysis_interval","1936-01-01 &&& 1936-12-31 &&& years"
"1","postgres_omop","denominator_cohort_name &&& outcome_cohort_name","denominator_cohort_1 &&& neoplasm","overall","overall","Outcome",NA,"prevalence_95CI_upper","numeric","0.03735","prevalence_start_date &&& prevalence_end_date &&& analysis_interval","1936-01-01 &&& 1936-12-31 &&& years"
"1","postgres_omop","denominator_cohort_name &&& outcome_cohort_name","denominator_cohort_1 &&& neoplasm","overall","overall","Denominator",NA,"denominator_count","integer","110","prevalence_start_date &&& prevalence_end_date &&& analysis_interval","1937-01-01 &&& 1937-12-31 &&& years"
"1","postgres_omop","denominator_cohort_name &&& outcome_cohort_name","denominator_cohort_1 &&& neoplasm","overall","overall","Outcome",NA,"outcome_count","integer","0","prevalence_start_date &&& prevalence_end_date &&& analysis_interval","1937-01-01 &&& 1937-12-31 &&& years"
"1","postgres_omop","denominator_cohort_name &&& outcome_cohort_name","denominator_cohort_1 &&& neoplasm","overall","overall","Outcome",NA,"prevalence","numeric","0","prevalence_start_date &&& prevalence_end_date &&& analysis_interval","1937-01-01 &&& 1937-12-31 &&& years"
"1","postgres_omop","denominator_cohort_name &&& outcome_cohort_name","denominator_cohort_1 &&& neoplasm","overall","overall","Outcome",NA,"prevalence_95CI_lower","numeric","0","prevalence_start_date &&& prevalence_end_date &&& analysis_interval","1937-01-01 &&& 1937-12-31 &&& years"
"1","postgres_omop","denominator_cohort_name &&& outcome_cohort_name","denominator_cohort_1 &&& neoplasm","overall","overall","Outcome",NA,"prevalence_95CI_upper","numeric","0.03374","prevalence_start_date &&& prevalence_end_date &&& analysis_interval","1937-01-01 &&& 1937-12-31 &&& years"
"1","postgres_omop","denominator_cohort_name &&& outcome_cohort_name","denominator_cohort_1 &&& neoplasm","overall","overall","Denominator",NA,"denominator_count","integer","117","prevalence_start_date &&& prevalence_end_date &&& analysis_interval","1938-01-01 &&& 1938-12-31 &&& years"
"1","postgres_omop","denominator_cohort_name &&& outcome_cohort_name","denominator_cohort_1 &&& neoplasm","overall","overall","Outcome",NA,"outcome_count","integer","0","prevalence_start_date &&& prevalence_end_date &&& analysis_interval","1938-01-01 &&& 1938-12-31 &&& years"
"1","postgres_omop","denominator_cohort_name &&& outcome_cohort_name","denominator_cohort_1 &&& neoplasm","overall","overall","Outcome",NA,"prevalence","numeric","0","prevalence_start_date &&& prevalence_end_date &&& analysis_interval","1938-01-01 &&& 1938-12-31 &&& years"
"1","postgres_omop","denominator_cohort_name &&& outcome_cohort_name","denominator_cohort_1 &&& neoplasm","overall","overall","Outcome",NA,"prevalence_95CI_lower","numeric","0","prevalence_start_date &&& prevalence_end_date &&& analysis_interval","1938-01-01 &&& 1938-12-31 &&& years"
"1","postgres_omop","denominator_cohort_name &&& outcome_cohort_name","denominator_cohort_1 &&& neoplasm","overall","overall","Outcome",NA,"prevalence_95CI_upper","numeric","0.03179","prevalence_start_date &&& prevalence_end_date &&& analysis_interval","1938-01-01 &&& 1938-12-31 &&& years"
"1","postgres_omop","denominator_cohort_name &&& outcome_cohort_name","denominator_cohort_1 &&& neoplasm","overall","overall","Denominator",NA,"denominator_count","integer","129","prevalence_start_date &&& prevalence_end_date &&& analysis_interval","1939-01-01 &&& 1939-12-31 &&& years"
"1","postgres_omop","denominator_cohort_name &&& outcome_cohort_name","denominator_cohort_1 &&& neoplasm","overall","overall","Outcome",NA,"outcome_count","integer","0","prevalence_start_date &&& prevalence_end_date &&& analysis_interval","1939-01-01 &&& 1939-12-31 &&& years"
"1","postgres_omop","denominator_cohort_name &&& outcome_cohort_name","denominator_cohort_1 &&& neoplasm","overall","overall","Outcome",NA,"prevalence","numeric","0","prevalence_start_date &&& prevalence_end_date &&& analysis_interval","1939-01-01 &&& 1939-12-31 &&& years"
"1","postgres_omop","denominator_cohort_name &&& outcome_cohort_name","denominator_cohort_1 &&& neoplasm","overall","overall","Outcome",NA,"prevalence_95CI_lower","numeric","0","prevalence_start_date &&& prevalence_end_date &&& analysis_interval","1939-01-01 &&& 1939-12-31 &&& years"
"1","postgres_omop","denominator_cohort_name &&& outcome_cohort_name","denominator_cohort_1 &&& neoplasm","overall","overall","Outcome",NA,"prevalence_95CI_upper","numeric","0.02892","prevalence_start_date &&& prevalence_end_date &&& analysis_interval","1939-01-01 &&& 1939-12-31 &&& years"
"1","postgres_omop","denominator_cohort_name &&& outcome_cohort_name","denominator_cohort_1 &&& neoplasm","overall","overall","Denominator",NA,"denominator_count","integer","147","prevalence_start_date &&& prevalence_end_date &&& analysis_interval","1940-01-01 &&& 1940-12-31 &&& years"
"1","postgres_omop","denominator_cohort_name &&& outcome_cohort_name","denominator_cohort_1 &&& neoplasm","overall","overall","Outcome",NA,"outcome_count","integer","0","prevalence_start_date &&& prevalence_end_date &&& analysis_interval","1940-01-01 &&& 1940-12-31 &&& years"
"1","postgres_omop","denominator_cohort_name &&& outcome_cohort_name","denominator_cohort_1 &&& neoplasm","overall","overall","Outcome",NA,"prevalence","numeric","0","prevalence_start_date &&& prevalence_end_date &&& analysis_interval","1940-01-01 &&& 1940-12-31 &&& years"
"1","postgres_omop","denominator_cohort_name &&& outcome_cohort_name","denominator_cohort_1 &&& neoplasm","overall","overall","Outcome",NA,"prevalence_95CI_lower","numeric","0","prevalence_start_date &&& prevalence_end_date &&& analysis_interval","1940-01-01 &&& 1940-12-31 &&& years"
"1","postgres_omop","denominator_cohort_name &&& outcome_cohort_name","denominator_cohort_1 &&& neoplasm","overall","overall","Outcome",NA,"prevalence_95CI_upper","numeric","0.02547","prevalence_start_date &&& prevalence_end_date &&& analysis_interval","1940-01-01 &&& 1940-12-31 &&& years"
"1","postgres_omop","denominator_cohort_name &&& outcome_cohort_name","denominator_cohort_1 &&& neoplasm","overall","overall","Denominator",NA,"denominator_count","integer","156","prevalence_start_date &&& prevalence_end_date &&& analysis_interval","1941-01-01 &&& 1941-12-31 &&& years"
"1","postgres_omop","denominator_cohort_name &&& outcome_cohort_name","denominator_cohort_1 &&& neoplasm","overall","overall","Outcome",NA,"outcome_count","integer","-","prevalence_start_date &&& prevalence_end_date &&& analysis_interval","1941-01-01 &&& 1941-12-31 &&& years"
"1","postgres_omop","denominator_cohort_name &&& outcome_cohort_name","denominator_cohort_1 &&& neoplasm","overall","overall","Outcome",NA,"prevalence","numeric","-","prevalence_start_date &&& prevalence_end_date &&& analysis_interval","1941-01-01 &&& 1941-12-31 &&& years"
"1","postgres_omop","denominator_cohort_name &&& outcome_cohort_name","denominator_cohort_1 &&& neoplasm","overall","overall","Outcome",NA,"prevalence_95CI_lower","numeric","-","prevalence_start_date &&& prevalence_end_date &&& analysis_interval","1941-01-01 &&& 1941-12-31 &&& years"
"1","postgres_omop","denominator_cohort_name &&& outcome_cohort_name","denominator_cohort_1 &&& neoplasm","overall","overall","Outcome",NA,"prevalence_95CI_upper","numeric","-","prevalence_start_date &&& prevalence_end_date &&& analysis_interval","1941-01-01 &&& 1941-12-31 &&& years"
"1","postgres_omop","denominator_cohort_name &&& outcome_cohort_name","denominator_cohort_1 &&& neoplasm","overall","overall","Denominator",NA,"denominator_count","integer","164","prevalence_start_date &&& prevalence_end_date &&& analysis_interval","1942-01-01 &&& 1942-12-31 &&& years"
"1","postgres_omop","denominator_cohort_name &&& outcome_cohort_name","denominator_cohort_1 &&& neoplasm","overall","overall","Outcome",NA,"outcome_count","integer","-","prevalence_start_date &&& prevalence_end_date &&& analysis_interval","1942-01-01 &&& 1942-12-31 &&& years"
"1","postgres_omop","denominator_cohort_name &&& outcome_cohort_name","denominator_cohort_1 &&& neoplasm","overall","overall","Outcome",NA,"prevalence","numeric","-","prevalence_start_date &&& prevalence_end_date &&& analysis_interval","1942-01-01 &&& 1942-12-31 &&& years"
"1","postgres_omop","denominator_cohort_name &&& outcome_cohort_name","denominator_cohort_1 &&& neoplasm","overall","overall","Outcome",NA,"prevalence_95CI_lower","numeric","-","prevalence_start_date &&& prevalence_end_date &&& analysis_interval","1942-01-01 &&& 1942-12-31 &&& years"
"1","postgres_omop","denominator_cohort_name &&& outcome_cohort_name","denominator_cohort_1 &&& neoplasm","overall","overall","Outcome",NA,"prevalence_95CI_upper","numeric","-","prevalence_start_date &&& prevalence_end_date &&& analysis_interval","1942-01-01 &&& 1942-12-31 &&& years"
"1","postgres_omop","denominator_cohort_name &&& outcome_cohort_name","denominator_cohort_1 &&& neoplasm","overall","overall","Denominator",NA,"denominator_count","integer","175","prevalence_start_date &&& prevalence_end_date &&& analysis_interval","1943-01-01 &&& 1943-12-31 &&& years"
"1","postgres_omop","denominator_cohort_name &&& outcome_cohort_name","denominator_cohort_1 &&& neoplasm","overall","overall","Outcome",NA,"outcome_count","integer","-","prevalence_start_date &&& prevalence_end_date &&& analysis_interval","1943-01-01 &&& 1943-12-31 &&& years"
"1","postgres_omop","denominator_cohort_name &&& outcome_cohort_name","denominator_cohort_1 &&& neoplasm","overall","overall","Outcome",NA,"prevalence","numeric","-","prevalence_start_date &&& prevalence_end_date &&& analysis_interval","1943-01-01 &&& 1943-12-31 &&& years"
"1","postgres_omop","denominator_cohort_name &&& outcome_cohort_name","denominator_cohort_1 &&& neoplasm","overall","overall","Outcome",NA,"prevalence_95CI_lower","numeric","-","prevalence_start_date &&& prevalence_end_date &&& analysis_interval","1943-01-01 &&& 1943-12-31 &&& years"
"1","postgres_omop","denominator_cohort_name &&& outcome_cohort_name","denominator_cohort_1 &&& neoplasm","overall","overall","Outcome",NA,"prevalence_95CI_upper","numeric","-","prevalence_start_date &&& prevalence_end_date &&& analysis_interval","1943-01-01 &&& 1943-12-31 &&& years"
"1","postgres_omop","denominator_cohort_name &&& outcome_cohort_name","denominator_cohort_1 &&& neoplasm","overall","overall","Denominator",NA,"denominator_count","integer","192","prevalence_start_date &&& prevalence_end_date &&& analysis_interval","1944-01-01 &&& 1944-12-31 &&& years"
"1","postgres_omop","denominator_cohort_name &&& outcome_cohort_name","denominator_cohort_1 &&& neoplasm","overall","overall","Outcome",NA,"outcome_count","integer","-","prevalence_start_date &&& prevalence_end_date &&& analysis_interval","1944-01-01 &&& 1944-12-31 &&& years"
"1","postgres_omop","denominator_cohort_name &&& outcome_cohort_name","denominator_cohort_1 &&& neoplasm","overall","overall","Outcome",NA,"prevalence","numeric","-","prevalence_start_date &&& prevalence_end_date &&& analysis_interval","1944-01-01 &&& 1944-12-31 &&& years"
"1","postgres_omop","denominator_cohort_name &&& outcome_cohort_name","denominator_cohort_1 &&& neoplasm","overall","overall","Outcome",NA,"prevalence_95CI_lower","numeric","-","prevalence_start_date &&& prevalence_end_date &&& analysis_interval","1944-01-01 &&& 1944-12-31 &&& years"
"1","postgres_omop","denominator_cohort_name &&& outcome_cohort_name","denominator_cohort_1 &&& neoplasm","overall","overall","Outcome",NA,"prevalence_95CI_upper","numeric","-","prevalence_start_date &&& prevalence_end_date &&& analysis_interval","1944-01-01 &&& 1944-12-31 &&& years"
"1","postgres_omop","denominator_cohort_name &&& outcome_cohort_name","denominator_cohort_1 &&& neoplasm","overall","overall","Denominator",NA,"denominator_count","integer","198","prevalence_start_date &&& prevalence_end_date &&& analysis_interval","1945-01-01 &&& 1945-12-31 &&& years"
"1","postgres_omop","denominator_cohort_name &&& outcome_cohort_name","denominator_cohort_1 &&& neoplasm","overall","overall","Outcome",NA,"outcome_count","integer","-","prevalence_start_date &&& prevalence_end_date &&& analysis_interval","1945-01-01 &&& 1945-12-31 &&& years"
"1","postgres_omop","denominator_cohort_name &&& outcome_cohort_name","denominator_cohort_1 &&& neoplasm","overall","overall","Outcome",NA,"prevalence","numeric","-","prevalence_start_date &&& prevalence_end_date &&& analysis_interval","1945-01-01 &&& 1945-12-31 &&& years"
"1","postgres_omop","denominator_cohort_name &&& outcome_cohort_name","denominator_cohort_1 &&& neoplasm","overall","overall","Outcome",NA,"prevalence_95CI_lower","numeric","-","prevalence_start_date &&& prevalence_end_date &&& analysis_interval","1945-01-01 &&& 1945-12-31 &&& years"
"1","postgres_omop","denominator_cohort_name &&& outcome_cohort_name","denominator_cohort_1 &&& neoplasm","overall","overall","Outcome",NA,"prevalence_95CI_upper","numeric","-","prevalence_start_date &&& prevalence_end_date &&& analysis_interval","1945-01-01 &&& 1945-12-31 &&& years"
"1","postgres_omop","denominator_cohort_name &&& outcome_cohort_name","denominator_cohort_1 &&& neoplasm","overall","overall","Denominator",NA,"denominator_count","integer","212","prevalence_start_date &&& prevalence_end_date &&& analysis_interval","1946-01-01 &&& 1946-12-31 &&& years"
"1","postgres_omop","denominator_cohort_name &&& outcome_cohort_name","denominator_cohort_1 &&& neoplasm","overall","overall","Outcome",NA,"outcome_count","integer","-","prevalence_start_date &&& prevalence_end_date &&& analysis_interval","1946-01-01 &&& 1946-12-31 &&& years"
"1","postgres_omop","denominator_cohort_name &&& outcome_cohort_name","denominator_cohort_1 &&& neoplasm","overall","overall","Outcome",NA,"prevalence","numeric","-","prevalence_start_date &&& prevalence_end_date &&& analysis_interval","1946-01-01 &&& 1946-12-31 &&& years"
"1","postgres_omop","denominator_cohort_name &&& outcome_cohort_name","denominator_cohort_1 &&& neoplasm","overall","overall","Outcome",NA,"prevalence_95CI_lower","numeric","-","prevalence_start_date &&& prevalence_end_date &&& analysis_interval","1946-01-01 &&& 1946-12-31 &&& years"
"1","postgres_omop","denominator_cohort_name &&& outcome_cohort_name","denominator_cohort_1 &&& neoplasm","overall","overall","Outcome",NA,"prevalence_95CI_upper","numeric","-","prevalence_start_date &&& prevalence_end_date &&& analysis_interval","1946-01-01 &&& 1946-12-31 &&& years"
"1","postgres_omop","denominator_cohort_name &&& outcome_cohort_name","denominator_cohort_1 &&& neoplasm","overall","overall","Denominator",NA,"denominator_count","integer","226","prevalence_start_date &&& prevalence_end_date &&& analysis_interval","1947-01-01 &&& 1947-12-31 &&& years"
"1","postgres_omop","denominator_cohort_name &&& outcome_cohort_name","denominator_cohort_1 &&& neoplasm","overall","overall","Outcome",NA,"outcome_count","integer","-","prevalence_start_date &&& prevalence_end_date &&& analysis_interval","1947-01-01 &&& 1947-12-31 &&& years"
"1","postgres_omop","denominator_cohort_name &&& outcome_cohort_name","denominator_cohort_1 &&& neoplasm","overall","overall","Outcome",NA,"prevalence","numeric","-","prevalence_start_date &&& prevalence_end_date &&& analysis_interval","1947-01-01 &&& 1947-12-31 &&& years"
"1","postgres_omop","denominator_cohort_name &&& outcome_cohort_name","denominator_cohort_1 &&& neoplasm","overall","overall","Outcome",NA,"prevalence_95CI_lower","numeric","-","prevalence_start_date &&& prevalence_end_date &&& analysis_interval","1947-01-01 &&& 1947-12-31 &&& years"
"1","postgres_omop","denominator_cohort_name &&& outcome_cohort_name","denominator_cohort_1 &&& neoplasm","overall","overall","Outcome",NA,"prevalence_95CI_upper","numeric","-","prevalence_start_date &&& prevalence_end_date &&& analysis_interval","1947-01-01 &&& 1947-12-31 &&& years"
"1","postgres_omop","denominator_cohort_name &&& outcome_cohort_name","denominator_cohort_1 &&& neoplasm","overall","overall","Denominator",NA,"denominator_count","integer","241","prevalence_start_date &&& prevalence_end_date &&& analysis_interval","1948-01-01 &&& 1948-12-31 &&& years"
"1","postgres_omop","denominator_cohort_name &&& outcome_cohort_name","denominator_cohort_1 &&& neoplasm","overall","overall","Outcome",NA,"outcome_count","integer","-","prevalence_start_date &&& prevalence_end_date &&& analysis_interval","1948-01-01 &&& 1948-12-31 &&& years"
"1","postgres_omop","denominator_cohort_name &&& outcome_cohort_name","denominator_cohort_1 &&& neoplasm","overall","overall","Outcome",NA,"prevalence","numeric","-","prevalence_start_date &&& prevalence_end_date &&& analysis_interval","1948-01-01 &&& 1948-12-31 &&& years"
"1","postgres_omop","denominator_cohort_name &&& outcome_cohort_name","denominator_cohort_1 &&& neoplasm","overall","overall","Outcome",NA,"prevalence_95CI_lower","numeric","-","prevalence_start_date &&& prevalence_end_date &&& analysis_interval","1948-01-01 &&& 1948-12-31 &&& years"
"1","postgres_omop","denominator_cohort_name &&& outcome_cohort_name","denominator_cohort_1 &&& neoplasm","overall","overall","Outcome",NA,"prevalence_95CI_upper","numeric","-","prevalence_start_date &&& prevalence_end_date &&& analysis_interval","1948-01-01 &&& 1948-12-31 &&& years"
"1","postgres_omop","denominator_cohort_name &&& outcome_cohort_name","denominator_cohort_1 &&& neoplasm","overall","overall","Denominator",NA,"denominator_count","integer","264","prevalence_start_date &&& prevalence_end_date &&& analysis_interval","1949-01-01 &&& 1949-12-31 &&& years"
"1","postgres_omop","denominator_cohort_name &&& outcome_cohort_name","denominator_cohort_1 &&& neoplasm","overall","overall","Outcome",NA,"outcome_count","integer","5","prevalence_start_date &&& prevalence_end_date &&& analysis_interval","1949-01-01 &&& 1949-12-31 &&& years"
"1","postgres_omop","denominator_cohort_name &&& outcome_cohort_name","denominator_cohort_1 &&& neoplasm","overall","overall","Outcome",NA,"prevalence","numeric","0.01894","prevalence_start_date &&& prevalence_end_date &&& analysis_interval","1949-01-01 &&& 1949-12-31 &&& years"
"1","postgres_omop","denominator_cohort_name &&& outcome_cohort_name","denominator_cohort_1 &&& neoplasm","overall","overall","Outcome",NA,"prevalence_95CI_lower","numeric","0.00812","prevalence_start_date &&& prevalence_end_date &&& analysis_interval","1949-01-01 &&& 1949-12-31 &&& years"
"1","postgres_omop","denominator_cohort_name &&& outcome_cohort_name","denominator_cohort_1 &&& neoplasm","overall","overall","Outcome",NA,"prevalence_95CI_upper","numeric","0.04356","prevalence_start_date &&& prevalence_end_date &&& analysis_interval","1949-01-01 &&& 1949-12-31 &&& years"
"1","postgres_omop","denominator_cohort_name &&& outcome_cohort_name","denominator_cohort_1 &&& neoplasm","overall","overall","Denominator",NA,"denominator_count","integer","296","prevalence_start_date &&& prevalence_end_date &&& analysis_interval","1950-01-01 &&& 1950-12-31 &&& years"
"1","postgres_omop","denominator_cohort_name &&& outcome_cohort_name","denominator_cohort_1 &&& neoplasm","overall","overall","Outcome",NA,"outcome_count","integer","6","prevalence_start_date &&& prevalence_end_date &&& analysis_interval","1950-01-01 &&& 1950-12-31 &&& years"
"1","postgres_omop","denominator_cohort_name &&& outcome_cohort_name","denominator_cohort_1 &&& neoplasm","overall","overall","Outcome",NA,"prevalence","numeric","0.02027","prevalence_start_date &&& prevalence_end_date &&& analysis_interval","1950-01-01 &&& 1950-12-31 &&& years"
"1","postgres_omop","denominator_cohort_name &&& outcome_cohort_name","denominator_cohort_1 &&& neoplasm","overall","overall","Outcome",NA,"prevalence_95CI_lower","numeric","0.00932","prevalence_start_date &&& prevalence_end_date &&& analysis_interval","1950-01-01 &&& 1950-12-31 &&& years"
"1","postgres_omop","denominator_cohort_name &&& outcome_cohort_name","denominator_cohort_1 &&& neoplasm","overall","overall","Outcome",NA,"prevalence_95CI_upper","numeric","0.04351","prevalence_start_date &&& prevalence_end_date &&& analysis_interval","1950-01-01 &&& 1950-12-31 &&& years"
"1","postgres_omop","denominator_cohort_name &&& outcome_cohort_name","denominator_cohort_1 &&& neoplasm","overall","overall","Denominator",NA,"denominator_count","integer","319","prevalence_start_date &&& prevalence_end_date &&& analysis_interval","1951-01-01 &&& 1951-12-31 &&& years"
"1","postgres_omop","denominator_cohort_name &&& outcome_cohort_name","denominator_cohort_1 &&& neoplasm","overall","overall","Outcome",NA,"outcome_count","integer","6","prevalence_start_date &&& prevalence_end_date &&& analysis_interval","1951-01-01 &&& 1951-12-31 &&& years"
"1","postgres_omop","denominator_cohort_name &&& outcome_cohort_name","denominator_cohort_1 &&& neoplasm","overall","overall","Outcome",NA,"prevalence","numeric","0.01881","prevalence_start_date &&& prevalence_end_date &&& analysis_interval","1951-01-01 &&& 1951-12-31 &&& years"
"1","postgres_omop","denominator_cohort_name &&& outcome_cohort_name","denominator_cohort_1 &&& neoplasm","overall","overall","Outcome",NA,"prevalence_95CI_lower","numeric","0.00865","prevalence_start_date &&& prevalence_end_date &&& analysis_interval","1951-01-01 &&& 1951-12-31 &&& years"
"1","postgres_omop","denominator_cohort_name &&& outcome_cohort_name","denominator_cohort_1 &&& neoplasm","overall","overall","Outcome",NA,"prevalence_95CI_upper","numeric","0.04042","prevalence_start_date &&& prevalence_end_date &&& analysis_interval","1951-01-01 &&& 1951-12-31 &&& years"
"1","postgres_omop","denominator_cohort_name &&& outcome_cohort_name","denominator_cohort_1 &&& neoplasm","overall","overall","Denominator",NA,"denominator_count","integer","348","prevalence_start_date &&& prevalence_end_date &&& analysis_interval","1952-01-01 &&& 1952-12-31 &&& years"
"1","postgres_omop","denominator_cohort_name &&& outcome_cohort_name","denominator_cohort_1 &&& neoplasm","overall","overall","Outcome",NA,"outcome_count","integer","6","prevalence_start_date &&& prevalence_end_date &&& analysis_interval","1952-01-01 &&& 1952-12-31 &&& years"
"1","postgres_omop","denominator_cohort_name &&& outcome_cohort_name","denominator_cohort_1 &&& neoplasm","overall","overall","Outcome",NA,"prevalence","numeric","0.01724","prevalence_start_date &&& prevalence_end_date &&& analysis_interval","1952-01-01 &&& 1952-12-31 &&& years"
"1","postgres_omop","denominator_cohort_name &&& outcome_cohort_name","denominator_cohort_1 &&& neoplasm","overall","overall","Outcome",NA,"prevalence_95CI_lower","numeric","0.00793","prevalence_start_date &&& prevalence_end_date &&& analysis_interval","1952-01-01 &&& 1952-12-31 &&& years"
"1","postgres_omop","denominator_cohort_name &&& outcome_cohort_name","denominator_cohort_1 &&& neoplasm","overall","overall","Outcome",NA,"prevalence_95CI_upper","numeric","0.0371","prevalence_start_date &&& prevalence_end_date &&& analysis_interval","1952-01-01 &&& 1952-12-31 &&& years"
"1","postgres_omop","denominator_cohort_name &&& outcome_cohort_name","denominator_cohort_1 &&& neoplasm","overall","overall","Denominator",NA,"denominator_count","integer","375","prevalence_start_date &&& prevalence_end_date &&& analysis_interval","1953-01-01 &&& 1953-12-31 &&& years"
"1","postgres_omop","denominator_cohort_name &&& outcome_cohort_name","denominator_cohort_1 &&& neoplasm","overall","overall","Outcome",NA,"outcome_count","integer","6","prevalence_start_date &&& prevalence_end_date &&& analysis_interval","1953-01-01 &&& 1953-12-31 &&& years"
"1","postgres_omop","denominator_cohort_name &&& outcome_cohort_name","denominator_cohort_1 &&& neoplasm","overall","overall","Outcome",NA,"prevalence","numeric","0.016","prevalence_start_date &&& prevalence_end_date &&& analysis_interval","1953-01-01 &&& 1953-12-31 &&& years"
"1","postgres_omop","denominator_cohort_name &&& outcome_cohort_name","denominator_cohort_1 &&& neoplasm","overall","overall","Outcome",NA,"prevalence_95CI_lower","numeric","0.00735","prevalence_start_date &&& prevalence_end_date &&& analysis_interval","1953-01-01 &&& 1953-12-31 &&& years"
"1","postgres_omop","denominator_cohort_name &&& outcome_cohort_name","denominator_cohort_1 &&& neoplasm","overall","overall","Outcome",NA,"prevalence_95CI_upper","numeric","0.03446","prevalence_start_date &&& prevalence_end_date &&& analysis_interval","1953-01-01 &&& 1953-12-31 &&& years"
"1","postgres_omop","denominator_cohort_name &&& outcome_cohort_name","denominator_cohort_1 &&& neoplasm","overall","overall","Denominator",NA,"denominator_count","integer","409","prevalence_start_date &&& prevalence_end_date &&& analysis_interval","1954-01-01 &&& 1954-12-31 &&& years"
"1","postgres_omop","denominator_cohort_name &&& outcome_cohort_name","denominator_cohort_1 &&& neoplasm","overall","overall","Outcome",NA,"outcome_count","integer","6","prevalence_start_date &&& prevalence_end_date &&& analysis_interval","1954-01-01 &&& 1954-12-31 &&& years"
"1","postgres_omop","denominator_cohort_name &&& outcome_cohort_name","denominator_cohort_1 &&& neoplasm","overall","overall","Outcome",NA,"prevalence","numeric","0.01467","prevalence_start_date &&& prevalence_end_date &&& analysis_interval","1954-01-01 &&& 1954-12-31 &&& years"
"1","postgres_omop","denominator_cohort_name &&& outcome_cohort_name","denominator_cohort_1 &&& neoplasm","overall","overall","Outcome",NA,"prevalence_95CI_lower","numeric","0.00674","prevalence_start_date &&& prevalence_end_date &&& analysis_interval","1954-01-01 &&& 1954-12-31 &&& years"
"1","postgres_omop","denominator_cohort_name &&& outcome_cohort_name","denominator_cohort_1 &&& neoplasm","overall","overall","Outcome",NA,"prevalence_95CI_upper","numeric","0.03163","prevalence_start_date &&& prevalence_end_date &&& analysis_interval","1954-01-01 &&& 1954-12-31 &&& years"
"1","postgres_omop","denominator_cohort_name &&& outcome_cohort_name","denominator_cohort_1 &&& neoplasm","overall","overall","Denominator",NA,"denominator_count","integer","447","prevalence_start_date &&& prevalence_end_date &&& analysis_interval","1955-01-01 &&& 1955-12-31 &&& years"
"1","postgres_omop","denominator_cohort_name &&& outcome_cohort_name","denominator_cohort_1 &&& neoplasm","overall","overall","Outcome",NA,"outcome_count","integer","7","prevalence_start_date &&& prevalence_end_date &&& analysis_interval","1955-01-01 &&& 1955-12-31 &&& years"
"1","postgres_omop","denominator_cohort_name &&& outcome_cohort_name","denominator_cohort_1 &&& neoplasm","overall","overall","Outcome",NA,"prevalence","numeric","0.01566","prevalence_start_date &&& prevalence_end_date &&& analysis_interval","1955-01-01 &&& 1955-12-31 &&& years"
"1","postgres_omop","denominator_cohort_name &&& outcome_cohort_name","denominator_cohort_1 &&& neoplasm","overall","overall","Outcome",NA,"prevalence_95CI_lower","numeric","0.00761","prevalence_start_date &&& prevalence_end_date &&& analysis_interval","1955-01-01 &&& 1955-12-31 &&& years"
"1","postgres_omop","denominator_cohort_name &&& outcome_cohort_name","denominator_cohort_1 &&& neoplasm","overall","overall","Outcome",NA,"prevalence_95CI_upper","numeric","0.03197","prevalence_start_date &&& prevalence_end_date &&& analysis_interval","1955-01-01 &&& 1955-12-31 &&& years"
"1","postgres_omop","denominator_cohort_name &&& outcome_cohort_name","denominator_cohort_1 &&& neoplasm","overall","overall","Denominator",NA,"denominator_count","integer","485","prevalence_start_date &&& prevalence_end_date &&& analysis_interval","1956-01-01 &&& 1956-12-31 &&& years"
"1","postgres_omop","denominator_cohort_name &&& outcome_cohort_name","denominator_cohort_1 &&& neoplasm","overall","overall","Outcome",NA,"outcome_count","integer","8","prevalence_start_date &&& prevalence_end_date &&& analysis_interval","1956-01-01 &&& 1956-12-31 &&& years"
"1","postgres_omop","denominator_cohort_name &&& outcome_cohort_name","denominator_cohort_1 &&& neoplasm","overall","overall","Outcome",NA,"prevalence","numeric","0.01649","prevalence_start_date &&& prevalence_end_date &&& analysis_interval","1956-01-01 &&& 1956-12-31 &&& years"
"1","postgres_omop","denominator_cohort_name &&& outcome_cohort_name","denominator_cohort_1 &&& neoplasm","overall","overall","Outcome",NA,"prevalence_95CI_lower","numeric","0.00838","prevalence_start_date &&& prevalence_end_date &&& analysis_interval","1956-01-01 &&& 1956-12-31 &&& years"
"1","postgres_omop","denominator_cohort_name &&& outcome_cohort_name","denominator_cohort_1 &&& neoplasm","overall","overall","Outcome",NA,"prevalence_95CI_upper","numeric","0.03221","prevalence_start_date &&& prevalence_end_date &&& analysis_interval","1956-01-01 &&& 1956-12-31 &&& years"
"1","postgres_omop","denominator_cohort_name &&& outcome_cohort_name","denominator_cohort_1 &&& neoplasm","overall","overall","Denominator",NA,"denominator_count","integer","525","prevalence_start_date &&& prevalence_end_date &&& analysis_interval","1957-01-01 &&& 1957-12-31 &&& years"
"1","postgres_omop","denominator_cohort_name &&& outcome_cohort_name","denominator_cohort_1 &&& neoplasm","overall","overall","Outcome",NA,"outcome_count","integer","8","prevalence_start_date &&& prevalence_end_date &&& analysis_interval","1957-01-01 &&& 1957-12-31 &&& years"
"1","postgres_omop","denominator_cohort_name &&& outcome_cohort_name","denominator_cohort_1 &&& neoplasm","overall","overall","Outcome",NA,"prevalence","numeric","0.01524","prevalence_start_date &&& prevalence_end_date &&& analysis_interval","1957-01-01 &&& 1957-12-31 &&& years"
"1","postgres_omop","denominator_cohort_name &&& outcome_cohort_name","denominator_cohort_1 &&& neoplasm","overall","overall","Outcome",NA,"prevalence_95CI_lower","numeric","0.00774","prevalence_start_date &&& prevalence_end_date &&& analysis_interval","1957-01-01 &&& 1957-12-31 &&& years"
"1","postgres_omop","denominator_cohort_name &&& outcome_cohort_name","denominator_cohort_1 &&& neoplasm","overall","overall","Outcome",NA,"prevalence_95CI_upper","numeric","0.02978","prevalence_start_date &&& prevalence_end_date &&& analysis_interval","1957-01-01 &&& 1957-12-31 &&& years"
"1","postgres_omop","denominator_cohort_name &&& outcome_cohort_name","denominator_cohort_1 &&& neoplasm","overall","overall","Denominator",NA,"denominator_count","integer","561","prevalence_start_date &&& prevalence_end_date &&& analysis_interval","1958-01-01 &&& 1958-12-31 &&& years"
"1","postgres_omop","denominator_cohort_name &&& outcome_cohort_name","denominator_cohort_1 &&& neoplasm","overall","overall","Outcome",NA,"outcome_count","integer","8","prevalence_start_date &&& prevalence_end_date &&& analysis_interval","1958-01-01 &&& 1958-12-31 &&& years"
"1","postgres_omop","denominator_cohort_name &&& outcome_cohort_name","denominator_cohort_1 &&& neoplasm","overall","overall","Outcome",NA,"prevalence","numeric","0.01426","prevalence_start_date &&& prevalence_end_date &&& analysis_interval","1958-01-01 &&& 1958-12-31 &&& years"
"1","postgres_omop","denominator_cohort_name &&& outcome_cohort_name","denominator_cohort_1 &&& neoplasm","overall","overall","Outcome",NA,"prevalence_95CI_lower","numeric","0.00724","prevalence_start_date &&& prevalence_end_date &&& analysis_interval","1958-01-01 &&& 1958-12-31 &&& years"
"1","postgres_omop","denominator_cohort_name &&& outcome_cohort_name","denominator_cohort_1 &&& neoplasm","overall","overall","Outcome",NA,"prevalence_95CI_upper","numeric","0.02788","prevalence_start_date &&& prevalence_end_date &&& analysis_interval","1958-01-01 &&& 1958-12-31 &&& years"
"1","postgres_omop","denominator_cohort_name &&& outcome_cohort_name","denominator_cohort_1 &&& neoplasm","overall","overall","Denominator",NA,"denominator_count","integer","596","prevalence_start_date &&& prevalence_end_date &&& analysis_interval","1959-01-01 &&& 1959-12-31 &&& years"
"1","postgres_omop","denominator_cohort_name &&& outcome_cohort_name","denominator_cohort_1 &&& neoplasm","overall","overall","Outcome",NA,"outcome_count","integer","8","prevalence_start_date &&& prevalence_end_date &&& analysis_interval","1959-01-01 &&& 1959-12-31 &&& years"
"1","postgres_omop","denominator_cohort_name &&& outcome_cohort_name","denominator_cohort_1 &&& neoplasm","overall","overall","Outcome",NA,"prevalence","numeric","0.01342","prevalence_start_date &&& prevalence_end_date &&& analysis_interval","1959-01-01 &&& 1959-12-31 &&& years"
"1","postgres_omop","denominator_cohort_name &&& outcome_cohort_name","denominator_cohort_1 &&& neoplasm","overall","overall","Outcome",NA,"prevalence_95CI_lower","numeric","0.00682","prevalence_start_date &&& prevalence_end_date &&& analysis_interval","1959-01-01 &&& 1959-12-31 &&& years"
"1","postgres_omop","denominator_cohort_name &&& outcome_cohort_name","denominator_cohort_1 &&& neoplasm","overall","overall","Outcome",NA,"prevalence_95CI_upper","numeric","0.02626","prevalence_start_date &&& prevalence_end_date &&& analysis_interval","1959-01-01 &&& 1959-12-31 &&& years"
"1","postgres_omop","denominator_cohort_name &&& outcome_cohort_name","denominator_cohort_1 &&& neoplasm","overall","overall","Denominator",NA,"denominator_count","integer","633","prevalence_start_date &&& prevalence_end_date &&& analysis_interval","1960-01-01 &&& 1960-12-31 &&& years"
"1","postgres_omop","denominator_cohort_name &&& outcome_cohort_name","denominator_cohort_1 &&& neoplasm","overall","overall","Outcome",NA,"outcome_count","integer","9","prevalence_start_date &&& prevalence_end_date &&& analysis_interval","1960-01-01 &&& 1960-12-31 &&& years"
"1","postgres_omop","denominator_cohort_name &&& outcome_cohort_name","denominator_cohort_1 &&& neoplasm","overall","overall","Outcome",NA,"prevalence","numeric","0.01422","prevalence_start_date &&& prevalence_end_date &&& analysis_interval","1960-01-01 &&& 1960-12-31 &&& years"
"1","postgres_omop","denominator_cohort_name &&& outcome_cohort_name","denominator_cohort_1 &&& neoplasm","overall","overall","Outcome",NA,"prevalence_95CI_lower","numeric","0.0075","prevalence_start_date &&& prevalence_end_date &&& analysis_interval","1960-01-01 &&& 1960-12-31 &&& years"
"1","postgres_omop","denominator_cohort_name &&& outcome_cohort_name","denominator_cohort_1 &&& neoplasm","overall","overall","Outcome",NA,"prevalence_95CI_upper","numeric","0.0268","prevalence_start_date &&& prevalence_end_date &&& analysis_interval","1960-01-01 &&& 1960-12-31 &&& years"
"1","postgres_omop","denominator_cohort_name &&& outcome_cohort_name","denominator_cohort_1 &&& neoplasm","overall","overall","Denominator",NA,"denominator_count","integer","660","prevalence_start_date &&& prevalence_end_date &&& analysis_interval","1961-01-01 &&& 1961-12-31 &&& years"
"1","postgres_omop","denominator_cohort_name &&& outcome_cohort_name","denominator_cohort_1 &&& neoplasm","overall","overall","Outcome",NA,"outcome_count","integer","10","prevalence_start_date &&& prevalence_end_date &&& analysis_interval","1961-01-01 &&& 1961-12-31 &&& years"
"1","postgres_omop","denominator_cohort_name &&& outcome_cohort_name","denominator_cohort_1 &&& neoplasm","overall","overall","Outcome",NA,"prevalence","numeric","0.01515","prevalence_start_date &&& prevalence_end_date &&& analysis_interval","1961-01-01 &&& 1961-12-31 &&& years"
"1","postgres_omop","denominator_cohort_name &&& outcome_cohort_name","denominator_cohort_1 &&& neoplasm","overall","overall","Outcome",NA,"prevalence_95CI_lower","numeric","0.00825","prevalence_start_date &&& prevalence_end_date &&& analysis_interval","1961-01-01 &&& 1961-12-31 &&& years"
"1","postgres_omop","denominator_cohort_name &&& outcome_cohort_name","denominator_cohort_1 &&& neoplasm","overall","overall","Outcome",NA,"prevalence_95CI_upper","numeric","0.02766","prevalence_start_date &&& prevalence_end_date &&& analysis_interval","1961-01-01 &&& 1961-12-31 &&& years"
"1","postgres_omop","denominator_cohort_name &&& outcome_cohort_name","denominator_cohort_1 &&& neoplasm","overall","overall","Denominator",NA,"denominator_count","integer","689","prevalence_start_date &&& prevalence_end_date &&& analysis_interval","1962-01-01 &&& 1962-12-31 &&& years"
"1","postgres_omop","denominator_cohort_name &&& outcome_cohort_name","denominator_cohort_1 &&& neoplasm","overall","overall","Outcome",NA,"outcome_count","integer","10","prevalence_start_date &&& prevalence_end_date &&& analysis_interval","1962-01-01 &&& 1962-12-31 &&& years"
"1","postgres_omop","denominator_cohort_name &&& outcome_cohort_name","denominator_cohort_1 &&& neoplasm","overall","overall","Outcome",NA,"prevalence","numeric","0.01451","prevalence_start_date &&& prevalence_end_date &&& analysis_interval","1962-01-01 &&& 1962-12-31 &&& years"
"1","postgres_omop","denominator_cohort_name &&& outcome_cohort_name","denominator_cohort_1 &&& neoplasm","overall","overall","Outcome",NA,"prevalence_95CI_lower","numeric","0.0079","prevalence_start_date &&& prevalence_end_date &&& analysis_interval","1962-01-01 &&& 1962-12-31 &&& years"
"1","postgres_omop","denominator_cohort_name &&& outcome_cohort_name","denominator_cohort_1 &&& neoplasm","overall","overall","Outcome",NA,"prevalence_95CI_upper","numeric","0.02651","prevalence_start_date &&& prevalence_end_date &&& analysis_interval","1962-01-01 &&& 1962-12-31 &&& years"
"1","postgres_omop","denominator_cohort_name &&& outcome_cohort_name","denominator_cohort_1 &&& neoplasm","overall","overall","Denominator",NA,"denominator_count","integer","718","prevalence_start_date &&& prevalence_end_date &&& analysis_interval","1963-01-01 &&& 1963-12-31 &&& years"
"1","postgres_omop","denominator_cohort_name &&& outcome_cohort_name","denominator_cohort_1 &&& neoplasm","overall","overall","Outcome",NA,"outcome_count","integer","11","prevalence_start_date &&& prevalence_end_date &&& analysis_interval","1963-01-01 &&& 1963-12-31 &&& years"
"1","postgres_omop","denominator_cohort_name &&& outcome_cohort_name","denominator_cohort_1 &&& neoplasm","overall","overall","Outcome",NA,"prevalence","numeric","0.01532","prevalence_start_date &&& prevalence_end_date &&& analysis_interval","1963-01-01 &&& 1963-12-31 &&& years"
"1","postgres_omop","denominator_cohort_name &&& outcome_cohort_name","denominator_cohort_1 &&& neoplasm","overall","overall","Outcome",NA,"prevalence_95CI_lower","numeric","0.00858","prevalence_start_date &&& prevalence_end_date &&& analysis_interval","1963-01-01 &&& 1963-12-31 &&& years"
"1","postgres_omop","denominator_cohort_name &&& outcome_cohort_name","denominator_cohort_1 &&& neoplasm","overall","overall","Outcome",NA,"prevalence_95CI_upper","numeric","0.02722","prevalence_start_date &&& prevalence_end_date &&& analysis_interval","1963-01-01 &&& 1963-12-31 &&& years"
"1","postgres_omop","denominator_cohort_name &&& outcome_cohort_name","denominator_cohort_1 &&& neoplasm","overall","overall","Denominator",NA,"denominator_count","integer","758","prevalence_start_date &&& prevalence_end_date &&& analysis_interval","1964-01-01 &&& 1964-12-31 &&& years"
"1","postgres_omop","denominator_cohort_name &&& outcome_cohort_name","denominator_cohort_1 &&& neoplasm","overall","overall","Outcome",NA,"outcome_count","integer","11","prevalence_start_date &&& prevalence_end_date &&& analysis_interval","1964-01-01 &&& 1964-12-31 &&& years"
"1","postgres_omop","denominator_cohort_name &&& outcome_cohort_name","denominator_cohort_1 &&& neoplasm","overall","overall","Outcome",NA,"prevalence","numeric","0.01451","prevalence_start_date &&& prevalence_end_date &&& analysis_interval","1964-01-01 &&& 1964-12-31 &&& years"
"1","postgres_omop","denominator_cohort_name &&& outcome_cohort_name","denominator_cohort_1 &&& neoplasm","overall","overall","Outcome",NA,"prevalence_95CI_lower","numeric","0.00812","prevalence_start_date &&& prevalence_end_date &&& analysis_interval","1964-01-01 &&& 1964-12-31 &&& years"
"1","postgres_omop","denominator_cohort_name &&& outcome_cohort_name","denominator_cohort_1 &&& neoplasm","overall","overall","Outcome",NA,"prevalence_95CI_upper","numeric","0.0258","prevalence_start_date &&& prevalence_end_date &&& analysis_interval","1964-01-01 &&& 1964-12-31 &&& years"
"1","postgres_omop","denominator_cohort_name &&& outcome_cohort_name","denominator_cohort_1 &&& neoplasm","overall","overall","Denominator",NA,"denominator_count","integer","794","prevalence_start_date &&& prevalence_end_date &&& analysis_interval","1965-01-01 &&& 1965-12-31 &&& years"
"1","postgres_omop","denominator_cohort_name &&& outcome_cohort_name","denominator_cohort_1 &&& neoplasm","overall","overall","Outcome",NA,"outcome_count","integer","11","prevalence_start_date &&& prevalence_end_date &&& analysis_interval","1965-01-01 &&& 1965-12-31 &&& years"
"1","postgres_omop","denominator_cohort_name &&& outcome_cohort_name","denominator_cohort_1 &&& neoplasm","overall","overall","Outcome",NA,"prevalence","numeric","0.01385","prevalence_start_date &&& prevalence_end_date &&& analysis_interval","1965-01-01 &&& 1965-12-31 &&& years"
"1","postgres_omop","denominator_cohort_name &&& outcome_cohort_name","denominator_cohort_1 &&& neoplasm","overall","overall","Outcome",NA,"prevalence_95CI_lower","numeric","0.00775","prevalence_start_date &&& prevalence_end_date &&& analysis_interval","1965-01-01 &&& 1965-12-31 &&& years"
"1","postgres_omop","denominator_cohort_name &&& outcome_cohort_name","denominator_cohort_1 &&& neoplasm","overall","overall","Outcome",NA,"prevalence_95CI_upper","numeric","0.02464","prevalence_start_date &&& prevalence_end_date &&& analysis_interval","1965-01-01 &&& 1965-12-31 &&& years"
"1","postgres_omop","denominator_cohort_name &&& outcome_cohort_name","denominator_cohort_1 &&& neoplasm","overall","overall","Denominator",NA,"denominator_count","integer","825","prevalence_start_date &&& prevalence_end_date &&& analysis_interval","1966-01-01 &&& 1966-12-31 &&& years"
"1","postgres_omop","denominator_cohort_name &&& outcome_cohort_name","denominator_cohort_1 &&& neoplasm","overall","overall","Outcome",NA,"outcome_count","integer","15","prevalence_start_date &&& prevalence_end_date &&& analysis_interval","1966-01-01 &&& 1966-12-31 &&& years"
"1","postgres_omop","denominator_cohort_name &&& outcome_cohort_name","denominator_cohort_1 &&& neoplasm","overall","overall","Outcome",NA,"prevalence","numeric","0.01818","prevalence_start_date &&& prevalence_end_date &&& analysis_interval","1966-01-01 &&& 1966-12-31 &&& years"
"1","postgres_omop","denominator_cohort_name &&& outcome_cohort_name","denominator_cohort_1 &&& neoplasm","overall","overall","Outcome",NA,"prevalence_95CI_lower","numeric","0.01105","prevalence_start_date &&& prevalence_end_date &&& analysis_interval","1966-01-01 &&& 1966-12-31 &&& years"
"1","postgres_omop","denominator_cohort_name &&& outcome_cohort_name","denominator_cohort_1 &&& neoplasm","overall","overall","Outcome",NA,"prevalence_95CI_upper","numeric","0.02978","prevalence_start_date &&& prevalence_end_date &&& analysis_interval","1966-01-01 &&& 1966-12-31 &&& years"
"1","postgres_omop","denominator_cohort_name &&& outcome_cohort_name","denominator_cohort_1 &&& neoplasm","overall","overall","Denominator",NA,"denominator_count","integer","867","prevalence_start_date &&& prevalence_end_date &&& analysis_interval","1967-01-01 &&& 1967-12-31 &&& years"
"1","postgres_omop","denominator_cohort_name &&& outcome_cohort_name","denominator_cohort_1 &&& neoplasm","overall","overall","Outcome",NA,"outcome_count","integer","18","prevalence_start_date &&& prevalence_end_date &&& analysis_interval","1967-01-01 &&& 1967-12-31 &&& years"
"1","postgres_omop","denominator_cohort_name &&& outcome_cohort_name","denominator_cohort_1 &&& neoplasm","overall","overall","Outcome",NA,"prevalence","numeric","0.02076","prevalence_start_date &&& prevalence_end_date &&& analysis_interval","1967-01-01 &&& 1967-12-31 &&& years"
"1","postgres_omop","denominator_cohort_name &&& outcome_cohort_name","denominator_cohort_1 &&& neoplasm","overall","overall","Outcome",NA,"prevalence_95CI_lower","numeric","0.01317","prevalence_start_date &&& prevalence_end_date &&& analysis_interval","1967-01-01 &&& 1967-12-31 &&& years"
"1","postgres_omop","denominator_cohort_name &&& outcome_cohort_name","denominator_cohort_1 &&& neoplasm","overall","overall","Outcome",NA,"prevalence_95CI_upper","numeric","0.03258","prevalence_start_date &&& prevalence_end_date &&& analysis_interval","1967-01-01 &&& 1967-12-31 &&& years"
"1","postgres_omop","denominator_cohort_name &&& outcome_cohort_name","denominator_cohort_1 &&& neoplasm","overall","overall","Denominator",NA,"denominator_count","integer","912","prevalence_start_date &&& prevalence_end_date &&& analysis_interval","1968-01-01 &&& 1968-12-31 &&& years"
"1","postgres_omop","denominator_cohort_name &&& outcome_cohort_name","denominator_cohort_1 &&& neoplasm","overall","overall","Outcome",NA,"outcome_count","integer","18","prevalence_start_date &&& prevalence_end_date &&& analysis_interval","1968-01-01 &&& 1968-12-31 &&& years"
"1","postgres_omop","denominator_cohort_name &&& outcome_cohort_name","denominator_cohort_1 &&& neoplasm","overall","overall","Outcome",NA,"prevalence","numeric","0.01974","prevalence_start_date &&& prevalence_end_date &&& analysis_interval","1968-01-01 &&& 1968-12-31 &&& years"
"1","postgres_omop","denominator_cohort_name &&& outcome_cohort_name","denominator_cohort_1 &&& neoplasm","overall","overall","Outcome",NA,"prevalence_95CI_lower","numeric","0.01252","prevalence_start_date &&& prevalence_end_date &&& analysis_interval","1968-01-01 &&& 1968-12-31 &&& years"
"1","postgres_omop","denominator_cohort_name &&& outcome_cohort_name","denominator_cohort_1 &&& neoplasm","overall","overall","Outcome",NA,"prevalence_95CI_upper","numeric","0.03098","prevalence_start_date &&& prevalence_end_date &&& analysis_interval","1968-01-01 &&& 1968-12-31 &&& years"
"1","postgres_omop","denominator_cohort_name &&& outcome_cohort_name","denominator_cohort_1 &&& neoplasm","overall","overall","Denominator",NA,"denominator_count","integer","949","prevalence_start_date &&& prevalence_end_date &&& analysis_interval","1969-01-01 &&& 1969-12-31 &&& years"
"1","postgres_omop","denominator_cohort_name &&& outcome_cohort_name","denominator_cohort_1 &&& neoplasm","overall","overall","Outcome",NA,"outcome_count","integer","19","prevalence_start_date &&& prevalence_end_date &&& analysis_interval","1969-01-01 &&& 1969-12-31 &&& years"
"1","postgres_omop","denominator_cohort_name &&& outcome_cohort_name","denominator_cohort_1 &&& neoplasm","overall","overall","Outcome",NA,"prevalence","numeric","0.02002","prevalence_start_date &&& prevalence_end_date &&& analysis_interval","1969-01-01 &&& 1969-12-31 &&& years"
"1","postgres_omop","denominator_cohort_name &&& outcome_cohort_name","denominator_cohort_1 &&& neoplasm","overall","overall","Outcome",NA,"prevalence_95CI_lower","numeric","0.01285","prevalence_start_date &&& prevalence_end_date &&& analysis_interval","1969-01-01 &&& 1969-12-31 &&& years"
"1","postgres_omop","denominator_cohort_name &&& outcome_cohort_name","denominator_cohort_1 &&& neoplasm","overall","overall","Outcome",NA,"prevalence_95CI_upper","numeric","0.03106","prevalence_start_date &&& prevalence_end_date &&& analysis_interval","1969-01-01 &&& 1969-12-31 &&& years"
"1","postgres_omop","denominator_cohort_name &&& outcome_cohort_name","denominator_cohort_1 &&& neoplasm","overall","overall","Denominator",NA,"denominator_count","integer","1000","prevalence_start_date &&& prevalence_end_date &&& analysis_interval","1970-01-01 &&& 1970-12-31 &&& years"
"1","postgres_omop","denominator_cohort_name &&& outcome_cohort_name","denominator_cohort_1 &&& neoplasm","overall","overall","Outcome",NA,"outcome_count","integer","20","prevalence_start_date &&& prevalence_end_date &&& analysis_interval","1970-01-01 &&& 1970-12-31 &&& years"
"1","postgres_omop","denominator_cohort_name &&& outcome_cohort_name","denominator_cohort_1 &&& neoplasm","overall","overall","Outcome",NA,"prevalence","numeric","0.02","prevalence_start_date &&& prevalence_end_date &&& analysis_interval","1970-01-01 &&& 1970-12-31 &&& years"
"1","postgres_omop","denominator_cohort_name &&& outcome_cohort_name","denominator_cohort_1 &&& neoplasm","overall","overall","Outcome",NA,"prevalence_95CI_lower","numeric","0.01298","prevalence_start_date &&& prevalence_end_date &&& analysis_interval","1970-01-01 &&& 1970-12-31 &&& years"
"1","postgres_omop","denominator_cohort_name &&& outcome_cohort_name","denominator_cohort_1 &&& neoplasm","overall","overall","Outcome",NA,"prevalence_95CI_upper","numeric","0.03069","prevalence_start_date &&& prevalence_end_date &&& analysis_interval","1970-01-01 &&& 1970-12-31 &&& years"
"1","postgres_omop","denominator_cohort_name &&& outcome_cohort_name","denominator_cohort_1 &&& neoplasm","overall","overall","Denominator",NA,"denominator_count","integer","1069","prevalence_start_date &&& prevalence_end_date &&& analysis_interval","1971-01-01 &&& 1971-12-31 &&& years"
"1","postgres_omop","denominator_cohort_name &&& outcome_cohort_name","denominator_cohort_1 &&& neoplasm","overall","overall","Outcome",NA,"outcome_count","integer","20","prevalence_start_date &&& prevalence_end_date &&& analysis_interval","1971-01-01 &&& 1971-12-31 &&& years"
"1","postgres_omop","denominator_cohort_name &&& outcome_cohort_name","denominator_cohort_1 &&& neoplasm","overall","overall","Outcome",NA,"prevalence","numeric","0.01871","prevalence_start_date &&& prevalence_end_date &&& analysis_interval","1971-01-01 &&& 1971-12-31 &&& years"
"1","postgres_omop","denominator_cohort_name &&& outcome_cohort_name","denominator_cohort_1 &&& neoplasm","overall","overall","Outcome",NA,"prevalence_95CI_lower","numeric","0.01214","prevalence_start_date &&& prevalence_end_date &&& analysis_interval","1971-01-01 &&& 1971-12-31 &&& years"
"1","postgres_omop","denominator_cohort_name &&& outcome_cohort_name","denominator_cohort_1 &&& neoplasm","overall","overall","Outcome",NA,"prevalence_95CI_upper","numeric","0.02872","prevalence_start_date &&& prevalence_end_date &&& analysis_interval","1971-01-01 &&& 1971-12-31 &&& years"
"1","postgres_omop","denominator_cohort_name &&& outcome_cohort_name","denominator_cohort_1 &&& neoplasm","overall","overall","Denominator",NA,"denominator_count","integer","1155","prevalence_start_date &&& prevalence_end_date &&& analysis_interval","1972-01-01 &&& 1972-12-31 &&& years"
"1","postgres_omop","denominator_cohort_name &&& outcome_cohort_name","denominator_cohort_1 &&& neoplasm","overall","overall","Outcome",NA,"outcome_count","integer","21","prevalence_start_date &&& prevalence_end_date &&& analysis_interval","1972-01-01 &&& 1972-12-31 &&& years"
"1","postgres_omop","denominator_cohort_name &&& outcome_cohort_name","denominator_cohort_1 &&& neoplasm","overall","overall","Outcome",NA,"prevalence","numeric","0.01818","prevalence_start_date &&& prevalence_end_date &&& analysis_interval","1972-01-01 &&& 1972-12-31 &&& years"
"1","postgres_omop","denominator_cohort_name &&& outcome_cohort_name","denominator_cohort_1 &&& neoplasm","overall","overall","Outcome",NA,"prevalence_95CI_lower","numeric","0.01192","prevalence_start_date &&& prevalence_end_date &&& analysis_interval","1972-01-01 &&& 1972-12-31 &&& years"
"1","postgres_omop","denominator_cohort_name &&& outcome_cohort_name","denominator_cohort_1 &&& neoplasm","overall","overall","Outcome",NA,"prevalence_95CI_upper","numeric","0.02764","prevalence_start_date &&& prevalence_end_date &&& analysis_interval","1972-01-01 &&& 1972-12-31 &&& years"
"1","postgres_omop","denominator_cohort_name &&& outcome_cohort_name","denominator_cohort_1 &&& neoplasm","overall","overall","Denominator",NA,"denominator_count","integer","1237","prevalence_start_date &&& prevalence_end_date &&& analysis_interval","1973-01-01 &&& 1973-12-31 &&& years"
"1","postgres_omop","denominator_cohort_name &&& outcome_cohort_name","denominator_cohort_1 &&& neoplasm","overall","overall","Outcome",NA,"outcome_count","integer","21","prevalence_start_date &&& prevalence_end_date &&& analysis_interval","1973-01-01 &&& 1973-12-31 &&& years"
"1","postgres_omop","denominator_cohort_name &&& outcome_cohort_name","denominator_cohort_1 &&& neoplasm","overall","overall","Outcome",NA,"prevalence","numeric","0.01698","prevalence_start_date &&& prevalence_end_date &&& analysis_interval","1973-01-01 &&& 1973-12-31 &&& years"
"1","postgres_omop","denominator_cohort_name &&& outcome_cohort_name","denominator_cohort_1 &&& neoplasm","overall","overall","Outcome",NA,"prevalence_95CI_lower","numeric","0.01113","prevalence_start_date &&& prevalence_end_date &&& analysis_interval","1973-01-01 &&& 1973-12-31 &&& years"
"1","postgres_omop","denominator_cohort_name &&& outcome_cohort_name","denominator_cohort_1 &&& neoplasm","overall","overall","Outcome",NA,"prevalence_95CI_upper","numeric","0.02581","prevalence_start_date &&& prevalence_end_date &&& analysis_interval","1973-01-01 &&& 1973-12-31 &&& years"
"1","postgres_omop","denominator_cohort_name &&& outcome_cohort_name","denominator_cohort_1 &&& neoplasm","overall","overall","Denominator",NA,"denominator_count","integer","1363","prevalence_start_date &&& prevalence_end_date &&& analysis_interval","1974-01-01 &&& 1974-12-31 &&& years"
"1","postgres_omop","denominator_cohort_name &&& outcome_cohort_name","denominator_cohort_1 &&& neoplasm","overall","overall","Outcome",NA,"outcome_count","integer","21","prevalence_start_date &&& prevalence_end_date &&& analysis_interval","1974-01-01 &&& 1974-12-31 &&& years"
"1","postgres_omop","denominator_cohort_name &&& outcome_cohort_name","denominator_cohort_1 &&& neoplasm","overall","overall","Outcome",NA,"prevalence","numeric","0.01541","prevalence_start_date &&& prevalence_end_date &&& analysis_interval","1974-01-01 &&& 1974-12-31 &&& years"
"1","postgres_omop","denominator_cohort_name &&& outcome_cohort_name","denominator_cohort_1 &&& neoplasm","overall","overall","Outcome",NA,"prevalence_95CI_lower","numeric","0.0101","prevalence_start_date &&& prevalence_end_date &&& analysis_interval","1974-01-01 &&& 1974-12-31 &&& years"
"1","postgres_omop","denominator_cohort_name &&& outcome_cohort_name","denominator_cohort_1 &&& neoplasm","overall","overall","Outcome",NA,"prevalence_95CI_upper","numeric","0.02344","prevalence_start_date &&& prevalence_end_date &&& analysis_interval","1974-01-01 &&& 1974-12-31 &&& years"
"1","postgres_omop","denominator_cohort_name &&& outcome_cohort_name","denominator_cohort_1 &&& neoplasm","overall","overall","Denominator",NA,"denominator_count","integer","1505","prevalence_start_date &&& prevalence_end_date &&& analysis_interval","1975-01-01 &&& 1975-12-31 &&& years"
"1","postgres_omop","denominator_cohort_name &&& outcome_cohort_name","denominator_cohort_1 &&& neoplasm","overall","overall","Outcome",NA,"outcome_count","integer","21","prevalence_start_date &&& prevalence_end_date &&& analysis_interval","1975-01-01 &&& 1975-12-31 &&& years"
"1","postgres_omop","denominator_cohort_name &&& outcome_cohort_name","denominator_cohort_1 &&& neoplasm","overall","overall","Outcome",NA,"prevalence","numeric","0.01395","prevalence_start_date &&& prevalence_end_date &&& analysis_interval","1975-01-01 &&& 1975-12-31 &&& years"
"1","postgres_omop","denominator_cohort_name &&& outcome_cohort_name","denominator_cohort_1 &&& neoplasm","overall","overall","Outcome",NA,"prevalence_95CI_lower","numeric","0.00914","prevalence_start_date &&& prevalence_end_date &&& analysis_interval","1975-01-01 &&& 1975-12-31 &&& years"
"1","postgres_omop","denominator_cohort_name &&& outcome_cohort_name","denominator_cohort_1 &&& neoplasm","overall","overall","Outcome",NA,"prevalence_95CI_upper","numeric","0.02124","prevalence_start_date &&& prevalence_end_date &&& analysis_interval","1975-01-01 &&& 1975-12-31 &&& years"
"1","postgres_omop","denominator_cohort_name &&& outcome_cohort_name","denominator_cohort_1 &&& neoplasm","overall","overall","Denominator",NA,"denominator_count","integer","1686","prevalence_start_date &&& prevalence_end_date &&& analysis_interval","1976-01-01 &&& 1976-12-31 &&& years"
"1","postgres_omop","denominator_cohort_name &&& outcome_cohort_name","denominator_cohort_1 &&& neoplasm","overall","overall","Outcome",NA,"outcome_count","integer","21","prevalence_start_date &&& prevalence_end_date &&& analysis_interval","1976-01-01 &&& 1976-12-31 &&& years"
"1","postgres_omop","denominator_cohort_name &&& outcome_cohort_name","denominator_cohort_1 &&& neoplasm","overall","overall","Outcome",NA,"prevalence","numeric","0.01246","prevalence_start_date &&& prevalence_end_date &&& analysis_interval","1976-01-01 &&& 1976-12-31 &&& years"
"1","postgres_omop","denominator_cohort_name &&& outcome_cohort_name","denominator_cohort_1 &&& neoplasm","overall","overall","Outcome",NA,"prevalence_95CI_lower","numeric","0.00816","prevalence_start_date &&& prevalence_end_date &&& analysis_interval","1976-01-01 &&& 1976-12-31 &&& years"
"1","postgres_omop","denominator_cohort_name &&& outcome_cohort_name","denominator_cohort_1 &&& neoplasm","overall","overall","Outcome",NA,"prevalence_95CI_upper","numeric","0.01897","prevalence_start_date &&& prevalence_end_date &&& analysis_interval","1976-01-01 &&& 1976-12-31 &&& years"
"1","postgres_omop","denominator_cohort_name &&& outcome_cohort_name","denominator_cohort_1 &&& neoplasm","overall","overall","Denominator",NA,"denominator_count","integer","1883","prevalence_start_date &&& prevalence_end_date &&& analysis_interval","1977-01-01 &&& 1977-12-31 &&& years"
"1","postgres_omop","denominator_cohort_name &&& outcome_cohort_name","denominator_cohort_1 &&& neoplasm","overall","overall","Outcome",NA,"outcome_count","integer","21","prevalence_start_date &&& prevalence_end_date &&& analysis_interval","1977-01-01 &&& 1977-12-31 &&& years"
"1","postgres_omop","denominator_cohort_name &&& outcome_cohort_name","denominator_cohort_1 &&& neoplasm","overall","overall","Outcome",NA,"prevalence","numeric","0.01115","prevalence_start_date &&& prevalence_end_date &&& analysis_interval","1977-01-01 &&& 1977-12-31 &&& years"
"1","postgres_omop","denominator_cohort_name &&& outcome_cohort_name","denominator_cohort_1 &&& neoplasm","overall","overall","Outcome",NA,"prevalence_95CI_lower","numeric","0.00731","prevalence_start_date &&& prevalence_end_date &&& analysis_interval","1977-01-01 &&& 1977-12-31 &&& years"
"1","postgres_omop","denominator_cohort_name &&& outcome_cohort_name","denominator_cohort_1 &&& neoplasm","overall","overall","Outcome",NA,"prevalence_95CI_upper","numeric","0.01699","prevalence_start_date &&& prevalence_end_date &&& analysis_interval","1977-01-01 &&& 1977-12-31 &&& years"
"1","postgres_omop","denominator_cohort_name &&& outcome_cohort_name","denominator_cohort_1 &&& neoplasm","overall","overall","Denominator",NA,"denominator_count","integer","2140","prevalence_start_date &&& prevalence_end_date &&& analysis_interval","1978-01-01 &&& 1978-12-31 &&& years"
"1","postgres_omop","denominator_cohort_name &&& outcome_cohort_name","denominator_cohort_1 &&& neoplasm","overall","overall","Outcome",NA,"outcome_count","integer","21","prevalence_start_date &&& prevalence_end_date &&& analysis_interval","1978-01-01 &&& 1978-12-31 &&& years"
"1","postgres_omop","denominator_cohort_name &&& outcome_cohort_name","denominator_cohort_1 &&& neoplasm","overall","overall","Outcome",NA,"prevalence","numeric","0.00981","prevalence_start_date &&& prevalence_end_date &&& analysis_interval","1978-01-01 &&& 1978-12-31 &&& years"
"1","postgres_omop","denominator_cohort_name &&& outcome_cohort_name","denominator_cohort_1 &&& neoplasm","overall","overall","Outcome",NA,"prevalence_95CI_lower","numeric","0.00643","prevalence_start_date &&& prevalence_end_date &&& analysis_interval","1978-01-01 &&& 1978-12-31 &&& years"
"1","postgres_omop","denominator_cohort_name &&& outcome_cohort_name","denominator_cohort_1 &&& neoplasm","overall","overall","Outcome",NA,"prevalence_95CI_upper","numeric","0.01496","prevalence_start_date &&& prevalence_end_date &&& analysis_interval","1978-01-01 &&& 1978-12-31 &&& years"
"1","postgres_omop","denominator_cohort_name &&& outcome_cohort_name","denominator_cohort_1 &&& neoplasm","overall","overall","Denominator",NA,"denominator_count","integer","2419","prevalence_start_date &&& prevalence_end_date &&& analysis_interval","1979-01-01 &&& 1979-12-31 &&& years"
"1","postgres_omop","denominator_cohort_name &&& outcome_cohort_name","denominator_cohort_1 &&& neoplasm","overall","overall","Outcome",NA,"outcome_count","integer","22","prevalence_start_date &&& prevalence_end_date &&& analysis_interval","1979-01-01 &&& 1979-12-31 &&& years"
"1","postgres_omop","denominator_cohort_name &&& outcome_cohort_name","denominator_cohort_1 &&& neoplasm","overall","overall","Outcome",NA,"prevalence","numeric","0.00909","prevalence_start_date &&& prevalence_end_date &&& analysis_interval","1979-01-01 &&& 1979-12-31 &&& years"
"1","postgres_omop","denominator_cohort_name &&& outcome_cohort_name","denominator_cohort_1 &&& neoplasm","overall","overall","Outcome",NA,"prevalence_95CI_lower","numeric","0.00601","prevalence_start_date &&& prevalence_end_date &&& analysis_interval","1979-01-01 &&& 1979-12-31 &&& years"
"1","postgres_omop","denominator_cohort_name &&& outcome_cohort_name","denominator_cohort_1 &&& neoplasm","overall","overall","Outcome",NA,"prevalence_95CI_upper","numeric","0.01373","prevalence_start_date &&& prevalence_end_date &&& analysis_interval","1979-01-01 &&& 1979-12-31 &&& years"
"1","postgres_omop","denominator_cohort_name &&& outcome_cohort_name","denominator_cohort_1 &&& neoplasm","overall","overall","Denominator",NA,"denominator_count","integer","2764","prevalence_start_date &&& prevalence_end_date &&& analysis_interval","1980-01-01 &&& 1980-12-31 &&& years"
"1","postgres_omop","denominator_cohort_name &&& outcome_cohort_name","denominator_cohort_1 &&& neoplasm","overall","overall","Outcome",NA,"outcome_count","integer","24","prevalence_start_date &&& prevalence_end_date &&& analysis_interval","1980-01-01 &&& 1980-12-31 &&& years"
"1","postgres_omop","denominator_cohort_name &&& outcome_cohort_name","denominator_cohort_1 &&& neoplasm","overall","overall","Outcome",NA,"prevalence","numeric","0.00868","prevalence_start_date &&& prevalence_end_date &&& analysis_interval","1980-01-01 &&& 1980-12-31 &&& years"
"1","postgres_omop","denominator_cohort_name &&& outcome_cohort_name","denominator_cohort_1 &&& neoplasm","overall","overall","Outcome",NA,"prevalence_95CI_lower","numeric","0.00584","prevalence_start_date &&& prevalence_end_date &&& analysis_interval","1980-01-01 &&& 1980-12-31 &&& years"
"1","postgres_omop","denominator_cohort_name &&& outcome_cohort_name","denominator_cohort_1 &&& neoplasm","overall","overall","Outcome",NA,"prevalence_95CI_upper","numeric","0.01289","prevalence_start_date &&& prevalence_end_date &&& analysis_interval","1980-01-01 &&& 1980-12-31 &&& years"
"1","postgres_omop","denominator_cohort_name &&& outcome_cohort_name","denominator_cohort_1 &&& neoplasm","overall","overall","Denominator",NA,"denominator_count","integer","3079","prevalence_start_date &&& prevalence_end_date &&& analysis_interval","1981-01-01 &&& 1981-12-31 &&& years"
"1","postgres_omop","denominator_cohort_name &&& outcome_cohort_name","denominator_cohort_1 &&& neoplasm","overall","overall","Outcome",NA,"outcome_count","integer","24","prevalence_start_date &&& prevalence_end_date &&& analysis_interval","1981-01-01 &&& 1981-12-31 &&& years"
"1","postgres_omop","denominator_cohort_name &&& outcome_cohort_name","denominator_cohort_1 &&& neoplasm","overall","overall","Outcome",NA,"prevalence","numeric","0.00779","prevalence_start_date &&& prevalence_end_date &&& analysis_interval","1981-01-01 &&& 1981-12-31 &&& years"
"1","postgres_omop","denominator_cohort_name &&& outcome_cohort_name","denominator_cohort_1 &&& neoplasm","overall","overall","Outcome",NA,"prevalence_95CI_lower","numeric","0.00524","prevalence_start_date &&& prevalence_end_date &&& analysis_interval","1981-01-01 &&& 1981-12-31 &&& years"
"1","postgres_omop","denominator_cohort_name &&& outcome_cohort_name","denominator_cohort_1 &&& neoplasm","overall","overall","Outcome",NA,"prevalence_95CI_upper","numeric","0.01157","prevalence_start_date &&& prevalence_end_date &&& analysis_interval","1981-01-01 &&& 1981-12-31 &&& years"
"1","postgres_omop","denominator_cohort_name &&& outcome_cohort_name","denominator_cohort_1 &&& neoplasm","overall","overall","Denominator",NA,"denominator_count","integer","3343","prevalence_start_date &&& prevalence_end_date &&& analysis_interval","1982-01-01 &&& 1982-12-31 &&& years"
"1","postgres_omop","denominator_cohort_name &&& outcome_cohort_name","denominator_cohort_1 &&& neoplasm","overall","overall","Outcome",NA,"outcome_count","integer","29","prevalence_start_date &&& prevalence_end_date &&& analysis_interval","1982-01-01 &&& 1982-12-31 &&& years"
"1","postgres_omop","denominator_cohort_name &&& outcome_cohort_name","denominator_cohort_1 &&& neoplasm","overall","overall","Outcome",NA,"prevalence","numeric","0.00867","prevalence_start_date &&& prevalence_end_date &&& analysis_interval","1982-01-01 &&& 1982-12-31 &&& years"
"1","postgres_omop","denominator_cohort_name &&& outcome_cohort_name","denominator_cohort_1 &&& neoplasm","overall","overall","Outcome",NA,"prevalence_95CI_lower","numeric","0.00605","prevalence_start_date &&& prevalence_end_date &&& analysis_interval","1982-01-01 &&& 1982-12-31 &&& years"
"1","postgres_omop","denominator_cohort_name &&& outcome_cohort_name","denominator_cohort_1 &&& neoplasm","overall","overall","Outcome",NA,"prevalence_95CI_upper","numeric","0.01243","prevalence_start_date &&& prevalence_end_date &&& analysis_interval","1982-01-01 &&& 1982-12-31 &&& years"
"1","postgres_omop","denominator_cohort_name &&& outcome_cohort_name","denominator_cohort_1 &&& neoplasm","overall","overall","Denominator",NA,"denominator_count","integer","3610","prevalence_start_date &&& prevalence_end_date &&& analysis_interval","1983-01-01 &&& 1983-12-31 &&& years"
"1","postgres_omop","denominator_cohort_name &&& outcome_cohort_name","denominator_cohort_1 &&& neoplasm","overall","overall","Outcome",NA,"outcome_count","integer","30","prevalence_start_date &&& prevalence_end_date &&& analysis_interval","1983-01-01 &&& 1983-12-31 &&& years"
"1","postgres_omop","denominator_cohort_name &&& outcome_cohort_name","denominator_cohort_1 &&& neoplasm","overall","overall","Outcome",NA,"prevalence","numeric","0.00831","prevalence_start_date &&& prevalence_end_date &&& analysis_interval","1983-01-01 &&& 1983-12-31 &&& years"
"1","postgres_omop","denominator_cohort_name &&& outcome_cohort_name","denominator_cohort_1 &&& neoplasm","overall","overall","Outcome",NA,"prevalence_95CI_lower","numeric","0.00583","prevalence_start_date &&& prevalence_end_date &&& analysis_interval","1983-01-01 &&& 1983-12-31 &&& years"
"1","postgres_omop","denominator_cohort_name &&& outcome_cohort_name","denominator_cohort_1 &&& neoplasm","overall","overall","Outcome",NA,"prevalence_95CI_upper","numeric","0.01184","prevalence_start_date &&& prevalence_end_date &&& analysis_interval","1983-01-01 &&& 1983-12-31 &&& years"
"1","postgres_omop","denominator_cohort_name &&& outcome_cohort_name","denominator_cohort_1 &&& neoplasm","overall","overall","Denominator",NA,"denominator_count","integer","3917","prevalence_start_date &&& prevalence_end_date &&& analysis_interval","1984-01-01 &&& 1984-12-31 &&& years"
"1","postgres_omop","denominator_cohort_name &&& outcome_cohort_name","denominator_cohort_1 &&& neoplasm","overall","overall","Outcome",NA,"outcome_count","integer","32","prevalence_start_date &&& prevalence_end_date &&& analysis_interval","1984-01-01 &&& 1984-12-31 &&& years"
"1","postgres_omop","denominator_cohort_name &&& outcome_cohort_name","denominator_cohort_1 &&& neoplasm","overall","overall","Outcome",NA,"prevalence","numeric","0.00817","prevalence_start_date &&& prevalence_end_date &&& analysis_interval","1984-01-01 &&& 1984-12-31 &&& years"
"1","postgres_omop","denominator_cohort_name &&& outcome_cohort_name","denominator_cohort_1 &&& neoplasm","overall","overall","Outcome",NA,"prevalence_95CI_lower","numeric","0.00579","prevalence_start_date &&& prevalence_end_date &&& analysis_interval","1984-01-01 &&& 1984-12-31 &&& years"
"1","postgres_omop","denominator_cohort_name &&& outcome_cohort_name","denominator_cohort_1 &&& neoplasm","overall","overall","Outcome",NA,"prevalence_95CI_upper","numeric","0.01151","prevalence_start_date &&& prevalence_end_date &&& analysis_interval","1984-01-01 &&& 1984-12-31 &&& years"
"1","postgres_omop","denominator_cohort_name &&& outcome_cohort_name","denominator_cohort_1 &&& neoplasm","overall","overall","Denominator",NA,"denominator_count","integer","4221","prevalence_start_date &&& prevalence_end_date &&& analysis_interval","1985-01-01 &&& 1985-12-31 &&& years"
"1","postgres_omop","denominator_cohort_name &&& outcome_cohort_name","denominator_cohort_1 &&& neoplasm","overall","overall","Outcome",NA,"outcome_count","integer","35","prevalence_start_date &&& prevalence_end_date &&& analysis_interval","1985-01-01 &&& 1985-12-31 &&& years"
"1","postgres_omop","denominator_cohort_name &&& outcome_cohort_name","denominator_cohort_1 &&& neoplasm","overall","overall","Outcome",NA,"prevalence","numeric","0.00829","prevalence_start_date &&& prevalence_end_date &&& analysis_interval","1985-01-01 &&& 1985-12-31 &&& years"
"1","postgres_omop","denominator_cohort_name &&& outcome_cohort_name","denominator_cohort_1 &&& neoplasm","overall","overall","Outcome",NA,"prevalence_95CI_lower","numeric","0.00597","prevalence_start_date &&& prevalence_end_date &&& analysis_interval","1985-01-01 &&& 1985-12-31 &&& years"
"1","postgres_omop","denominator_cohort_name &&& outcome_cohort_name","denominator_cohort_1 &&& neoplasm","overall","overall","Outcome",NA,"prevalence_95CI_upper","numeric","0.01151","prevalence_start_date &&& prevalence_end_date &&& analysis_interval","1985-01-01 &&& 1985-12-31 &&& years"
"1","postgres_omop","denominator_cohort_name &&& outcome_cohort_name","denominator_cohort_1 &&& neoplasm","overall","overall","Denominator",NA,"denominator_count","integer","4509","prevalence_start_date &&& prevalence_end_date &&& analysis_interval","1986-01-01 &&& 1986-12-31 &&& years"
"1","postgres_omop","denominator_cohort_name &&& outcome_cohort_name","denominator_cohort_1 &&& neoplasm","overall","overall","Outcome",NA,"outcome_count","integer","47","prevalence_start_date &&& prevalence_end_date &&& analysis_interval","1986-01-01 &&& 1986-12-31 &&& years"
"1","postgres_omop","denominator_cohort_name &&& outcome_cohort_name","denominator_cohort_1 &&& neoplasm","overall","overall","Outcome",NA,"prevalence","numeric","0.01042","prevalence_start_date &&& prevalence_end_date &&& analysis_interval","1986-01-01 &&& 1986-12-31 &&& years"
"1","postgres_omop","denominator_cohort_name &&& outcome_cohort_name","denominator_cohort_1 &&& neoplasm","overall","overall","Outcome",NA,"prevalence_95CI_lower","numeric","0.00785","prevalence_start_date &&& prevalence_end_date &&& analysis_interval","1986-01-01 &&& 1986-12-31 &&& years"
"1","postgres_omop","denominator_cohort_name &&& outcome_cohort_name","denominator_cohort_1 &&& neoplasm","overall","overall","Outcome",NA,"prevalence_95CI_upper","numeric","0.01383","prevalence_start_date &&& prevalence_end_date &&& analysis_interval","1986-01-01 &&& 1986-12-31 &&& years"
"1","postgres_omop","denominator_cohort_name &&& outcome_cohort_name","denominator_cohort_1 &&& neoplasm","overall","overall","Denominator",NA,"denominator_count","integer","4843","prevalence_start_date &&& prevalence_end_date &&& analysis_interval","1987-01-01 &&& 1987-12-31 &&& years"
"1","postgres_omop","denominator_cohort_name &&& outcome_cohort_name","denominator_cohort_1 &&& neoplasm","overall","overall","Outcome",NA,"outcome_count","integer","57","prevalence_start_date &&& prevalence_end_date &&& analysis_interval","1987-01-01 &&& 1987-12-31 &&& years"
"1","postgres_omop","denominator_cohort_name &&& outcome_cohort_name","denominator_cohort_1 &&& neoplasm","overall","overall","Outcome",NA,"prevalence","numeric","0.01177","prevalence_start_date &&& prevalence_end_date &&& analysis_interval","1987-01-01 &&& 1987-12-31 &&& years"
"1","postgres_omop","denominator_cohort_name &&& outcome_cohort_name","denominator_cohort_1 &&& neoplasm","overall","overall","Outcome",NA,"prevalence_95CI_lower","numeric","0.0091","prevalence_start_date &&& prevalence_end_date &&& analysis_interval","1987-01-01 &&& 1987-12-31 &&& years"
"1","postgres_omop","denominator_cohort_name &&& outcome_cohort_name","denominator_cohort_1 &&& neoplasm","overall","overall","Outcome",NA,"prevalence_95CI_upper","numeric","0.01522","prevalence_start_date &&& prevalence_end_date &&& analysis_interval","1987-01-01 &&& 1987-12-31 &&& years"
"1","postgres_omop","denominator_cohort_name &&& outcome_cohort_name","denominator_cohort_1 &&& neoplasm","overall","overall","Denominator",NA,"denominator_count","integer","5207","prevalence_start_date &&& prevalence_end_date &&& analysis_interval","1988-01-01 &&& 1988-12-31 &&& years"
"1","postgres_omop","denominator_cohort_name &&& outcome_cohort_name","denominator_cohort_1 &&& neoplasm","overall","overall","Outcome",NA,"outcome_count","integer","71","prevalence_start_date &&& prevalence_end_date &&& analysis_interval","1988-01-01 &&& 1988-12-31 &&& years"
"1","postgres_omop","denominator_cohort_name &&& outcome_cohort_name","denominator_cohort_1 &&& neoplasm","overall","overall","Outcome",NA,"prevalence","numeric","0.01364","prevalence_start_date &&& prevalence_end_date &&& analysis_interval","1988-01-01 &&& 1988-12-31 &&& years"
"1","postgres_omop","denominator_cohort_name &&& outcome_cohort_name","denominator_cohort_1 &&& neoplasm","overall","overall","Outcome",NA,"prevalence_95CI_lower","numeric","0.01082","prevalence_start_date &&& prevalence_end_date &&& analysis_interval","1988-01-01 &&& 1988-12-31 &&& years"
"1","postgres_omop","denominator_cohort_name &&& outcome_cohort_name","denominator_cohort_1 &&& neoplasm","overall","overall","Outcome",NA,"prevalence_95CI_upper","numeric","0.01716","prevalence_start_date &&& prevalence_end_date &&& analysis_interval","1988-01-01 &&& 1988-12-31 &&& years"
"1","postgres_omop","denominator_cohort_name &&& outcome_cohort_name","denominator_cohort_1 &&& neoplasm","overall","overall","Denominator",NA,"denominator_count","integer","5600","prevalence_start_date &&& prevalence_end_date &&& analysis_interval","1989-01-01 &&& 1989-12-31 &&& years"
"1","postgres_omop","denominator_cohort_name &&& outcome_cohort_name","denominator_cohort_1 &&& neoplasm","overall","overall","Outcome",NA,"outcome_count","integer","79","prevalence_start_date &&& prevalence_end_date &&& analysis_interval","1989-01-01 &&& 1989-12-31 &&& years"
"1","postgres_omop","denominator_cohort_name &&& outcome_cohort_name","denominator_cohort_1 &&& neoplasm","overall","overall","Outcome",NA,"prevalence","numeric","0.01411","prevalence_start_date &&& prevalence_end_date &&& analysis_interval","1989-01-01 &&& 1989-12-31 &&& years"
"1","postgres_omop","denominator_cohort_name &&& outcome_cohort_name","denominator_cohort_1 &&& neoplasm","overall","overall","Outcome",NA,"prevalence_95CI_lower","numeric","0.01133","prevalence_start_date &&& prevalence_end_date &&& analysis_interval","1989-01-01 &&& 1989-12-31 &&& years"
"1","postgres_omop","denominator_cohort_name &&& outcome_cohort_name","denominator_cohort_1 &&& neoplasm","overall","overall","Outcome",NA,"prevalence_95CI_upper","numeric","0.01755","prevalence_start_date &&& prevalence_end_date &&& analysis_interval","1989-01-01 &&& 1989-12-31 &&& years"
"1","postgres_omop","denominator_cohort_name &&& outcome_cohort_name","denominator_cohort_1 &&& neoplasm","overall","overall","Denominator",NA,"denominator_count","integer","5999","prevalence_start_date &&& prevalence_end_date &&& analysis_interval","1990-01-01 &&& 1990-12-31 &&& years"
"1","postgres_omop","denominator_cohort_name &&& outcome_cohort_name","denominator_cohort_1 &&& neoplasm","overall","overall","Outcome",NA,"outcome_count","integer","97","prevalence_start_date &&& prevalence_end_date &&& analysis_interval","1990-01-01 &&& 1990-12-31 &&& years"
"1","postgres_omop","denominator_cohort_name &&& outcome_cohort_name","denominator_cohort_1 &&& neoplasm","overall","overall","Outcome",NA,"prevalence","numeric","0.01617","prevalence_start_date &&& prevalence_end_date &&& analysis_interval","1990-01-01 &&& 1990-12-31 &&& years"
"1","postgres_omop","denominator_cohort_name &&& outcome_cohort_name","denominator_cohort_1 &&& neoplasm","overall","overall","Outcome",NA,"prevalence_95CI_lower","numeric","0.01327","prevalence_start_date &&& prevalence_end_date &&& analysis_interval","1990-01-01 &&& 1990-12-31 &&& years"
"1","postgres_omop","denominator_cohort_name &&& outcome_cohort_name","denominator_cohort_1 &&& neoplasm","overall","overall","Outcome",NA,"prevalence_95CI_upper","numeric","0.01968","prevalence_start_date &&& prevalence_end_date &&& analysis_interval","1990-01-01 &&& 1990-12-31 &&& years"
"1","postgres_omop","denominator_cohort_name &&& outcome_cohort_name","denominator_cohort_1 &&& neoplasm","overall","overall","Denominator",NA,"denominator_count","integer","6537","prevalence_start_date &&& prevalence_end_date &&& analysis_interval","1991-01-01 &&& 1991-12-31 &&& years"
"1","postgres_omop","denominator_cohort_name &&& outcome_cohort_name","denominator_cohort_1 &&& neoplasm","overall","overall","Outcome",NA,"outcome_count","integer","104","prevalence_start_date &&& prevalence_end_date &&& analysis_interval","1991-01-01 &&& 1991-12-31 &&& years"
"1","postgres_omop","denominator_cohort_name &&& outcome_cohort_name","denominator_cohort_1 &&& neoplasm","overall","overall","Outcome",NA,"prevalence","numeric","0.01591","prevalence_start_date &&& prevalence_end_date &&& analysis_interval","1991-01-01 &&& 1991-12-31 &&& years"
"1","postgres_omop","denominator_cohort_name &&& outcome_cohort_name","denominator_cohort_1 &&& neoplasm","overall","overall","Outcome",NA,"prevalence_95CI_lower","numeric","0.01315","prevalence_start_date &&& prevalence_end_date &&& analysis_interval","1991-01-01 &&& 1991-12-31 &&& years"
"1","postgres_omop","denominator_cohort_name &&& outcome_cohort_name","denominator_cohort_1 &&& neoplasm","overall","overall","Outcome",NA,"prevalence_95CI_upper","numeric","0.01924","prevalence_start_date &&& prevalence_end_date &&& analysis_interval","1991-01-01 &&& 1991-12-31 &&& years"
"1","postgres_omop","denominator_cohort_name &&& outcome_cohort_name","denominator_cohort_1 &&& neoplasm","overall","overall","Denominator",NA,"denominator_count","integer","7176","prevalence_start_date &&& prevalence_end_date &&& analysis_interval","1992-01-01 &&& 1992-12-31 &&& years"
"1","postgres_omop","denominator_cohort_name &&& outcome_cohort_name","denominator_cohort_1 &&& neoplasm","overall","overall","Outcome",NA,"outcome_count","integer","108","prevalence_start_date &&& prevalence_end_date &&& analysis_interval","1992-01-01 &&& 1992-12-31 &&& years"
"1","postgres_omop","denominator_cohort_name &&& outcome_cohort_name","denominator_cohort_1 &&& neoplasm","overall","overall","Outcome",NA,"prevalence","numeric","0.01505","prevalence_start_date &&& prevalence_end_date &&& analysis_interval","1992-01-01 &&& 1992-12-31 &&& years"
"1","postgres_omop","denominator_cohort_name &&& outcome_cohort_name","denominator_cohort_1 &&& neoplasm","overall","overall","Outcome",NA,"prevalence_95CI_lower","numeric","0.01248","prevalence_start_date &&& prevalence_end_date &&& analysis_interval","1992-01-01 &&& 1992-12-31 &&& years"
"1","postgres_omop","denominator_cohort_name &&& outcome_cohort_name","denominator_cohort_1 &&& neoplasm","overall","overall","Outcome",NA,"prevalence_95CI_upper","numeric","0.01814","prevalence_start_date &&& prevalence_end_date &&& analysis_interval","1992-01-01 &&& 1992-12-31 &&& years"
"1","postgres_omop","denominator_cohort_name &&& outcome_cohort_name","denominator_cohort_1 &&& neoplasm","overall","overall","Denominator",NA,"denominator_count","integer","7899","prevalence_start_date &&& prevalence_end_date &&& analysis_interval","1993-01-01 &&& 1993-12-31 &&& years"
"1","postgres_omop","denominator_cohort_name &&& outcome_cohort_name","denominator_cohort_1 &&& neoplasm","overall","overall","Outcome",NA,"outcome_count","integer","110","prevalence_start_date &&& prevalence_end_date &&& analysis_interval","1993-01-01 &&& 1993-12-31 &&& years"
"1","postgres_omop","denominator_cohort_name &&& outcome_cohort_name","denominator_cohort_1 &&& neoplasm","overall","overall","Outcome",NA,"prevalence","numeric","0.01393","prevalence_start_date &&& prevalence_end_date &&& analysis_interval","1993-01-01 &&& 1993-12-31 &&& years"
"1","postgres_omop","denominator_cohort_name &&& outcome_cohort_name","denominator_cohort_1 &&& neoplasm","overall","overall","Outcome",NA,"prevalence_95CI_lower","numeric","0.01157","prevalence_start_date &&& prevalence_end_date &&& analysis_interval","1993-01-01 &&& 1993-12-31 &&& years"
"1","postgres_omop","denominator_cohort_name &&& outcome_cohort_name","denominator_cohort_1 &&& neoplasm","overall","overall","Outcome",NA,"prevalence_95CI_upper","numeric","0.01676","prevalence_start_date &&& prevalence_end_date &&& analysis_interval","1993-01-01 &&& 1993-12-31 &&& years"
"1","postgres_omop","denominator_cohort_name &&& outcome_cohort_name","denominator_cohort_1 &&& neoplasm","overall","overall","Denominator",NA,"denominator_count","integer","8793","prevalence_start_date &&& prevalence_end_date &&& analysis_interval","1994-01-01 &&& 1994-12-31 &&& years"
"1","postgres_omop","denominator_cohort_name &&& outcome_cohort_name","denominator_cohort_1 &&& neoplasm","overall","overall","Outcome",NA,"outcome_count","integer","115","prevalence_start_date &&& prevalence_end_date &&& analysis_interval","1994-01-01 &&& 1994-12-31 &&& years"
"1","postgres_omop","denominator_cohort_name &&& outcome_cohort_name","denominator_cohort_1 &&& neoplasm","overall","overall","Outcome",NA,"prevalence","numeric","0.01308","prevalence_start_date &&& prevalence_end_date &&& analysis_interval","1994-01-01 &&& 1994-12-31 &&& years"
"1","postgres_omop","denominator_cohort_name &&& outcome_cohort_name","denominator_cohort_1 &&& neoplasm","overall","overall","Outcome",NA,"prevalence_95CI_lower","numeric","0.01091","prevalence_start_date &&& prevalence_end_date &&& analysis_interval","1994-01-01 &&& 1994-12-31 &&& years"
"1","postgres_omop","denominator_cohort_name &&& outcome_cohort_name","denominator_cohort_1 &&& neoplasm","overall","overall","Outcome",NA,"prevalence_95CI_upper","numeric","0.01567","prevalence_start_date &&& prevalence_end_date &&& analysis_interval","1994-01-01 &&& 1994-12-31 &&& years"
"1","postgres_omop","denominator_cohort_name &&& outcome_cohort_name","denominator_cohort_1 &&& neoplasm","overall","overall","Denominator",NA,"denominator_count","integer","9845","prevalence_start_date &&& prevalence_end_date &&& analysis_interval","1995-01-01 &&& 1995-12-31 &&& years"
"1","postgres_omop","denominator_cohort_name &&& outcome_cohort_name","denominator_cohort_1 &&& neoplasm","overall","overall","Outcome",NA,"outcome_count","integer","118","prevalence_start_date &&& prevalence_end_date &&& analysis_interval","1995-01-01 &&& 1995-12-31 &&& years"
"1","postgres_omop","denominator_cohort_name &&& outcome_cohort_name","denominator_cohort_1 &&& neoplasm","overall","overall","Outcome",NA,"prevalence","numeric","0.01199","prevalence_start_date &&& prevalence_end_date &&& analysis_interval","1995-01-01 &&& 1995-12-31 &&& years"
"1","postgres_omop","denominator_cohort_name &&& outcome_cohort_name","denominator_cohort_1 &&& neoplasm","overall","overall","Outcome",NA,"prevalence_95CI_lower","numeric","0.01002","prevalence_start_date &&& prevalence_end_date &&& analysis_interval","1995-01-01 &&& 1995-12-31 &&& years"
"1","postgres_omop","denominator_cohort_name &&& outcome_cohort_name","denominator_cohort_1 &&& neoplasm","overall","overall","Outcome",NA,"prevalence_95CI_upper","numeric","0.01433","prevalence_start_date &&& prevalence_end_date &&& analysis_interval","1995-01-01 &&& 1995-12-31 &&& years"
"1","postgres_omop","denominator_cohort_name &&& outcome_cohort_name","denominator_cohort_1 &&& neoplasm","overall","overall","Denominator",NA,"denominator_count","integer","11077","prevalence_start_date &&& prevalence_end_date &&& analysis_interval","1996-01-01 &&& 1996-12-31 &&& years"
"1","postgres_omop","denominator_cohort_name &&& outcome_cohort_name","denominator_cohort_1 &&& neoplasm","overall","overall","Outcome",NA,"outcome_count","integer","132","prevalence_start_date &&& prevalence_end_date &&& analysis_interval","1996-01-01 &&& 1996-12-31 &&& years"
"1","postgres_omop","denominator_cohort_name &&& outcome_cohort_name","denominator_cohort_1 &&& neoplasm","overall","overall","Outcome",NA,"prevalence","numeric","0.01192","prevalence_start_date &&& prevalence_end_date &&& analysis_interval","1996-01-01 &&& 1996-12-31 &&& years"
"1","postgres_omop","denominator_cohort_name &&& outcome_cohort_name","denominator_cohort_1 &&& neoplasm","overall","overall","Outcome",NA,"prevalence_95CI_lower","numeric","0.01006","prevalence_start_date &&& prevalence_end_date &&& analysis_interval","1996-01-01 &&& 1996-12-31 &&& years"
"1","postgres_omop","denominator_cohort_name &&& outcome_cohort_name","denominator_cohort_1 &&& neoplasm","overall","overall","Outcome",NA,"prevalence_95CI_upper","numeric","0.01411","prevalence_start_date &&& prevalence_end_date &&& analysis_interval","1996-01-01 &&& 1996-12-31 &&& years"
"1","postgres_omop","denominator_cohort_name &&& outcome_cohort_name","denominator_cohort_1 &&& neoplasm","overall","overall","Denominator",NA,"denominator_count","integer","12437","prevalence_start_date &&& prevalence_end_date &&& analysis_interval","1997-01-01 &&& 1997-12-31 &&& years"
"1","postgres_omop","denominator_cohort_name &&& outcome_cohort_name","denominator_cohort_1 &&& neoplasm","overall","overall","Outcome",NA,"outcome_count","integer","154","prevalence_start_date &&& prevalence_end_date &&& analysis_interval","1997-01-01 &&& 1997-12-31 &&& years"
"1","postgres_omop","denominator_cohort_name &&& outcome_cohort_name","denominator_cohort_1 &&& neoplasm","overall","overall","Outcome",NA,"prevalence","numeric","0.01238","prevalence_start_date &&& prevalence_end_date &&& analysis_interval","1997-01-01 &&& 1997-12-31 &&& years"
"1","postgres_omop","denominator_cohort_name &&& outcome_cohort_name","denominator_cohort_1 &&& neoplasm","overall","overall","Outcome",NA,"prevalence_95CI_lower","numeric","0.01058","prevalence_start_date &&& prevalence_end_date &&& analysis_interval","1997-01-01 &&& 1997-12-31 &&& years"
"1","postgres_omop","denominator_cohort_name &&& outcome_cohort_name","denominator_cohort_1 &&& neoplasm","overall","overall","Outcome",NA,"prevalence_95CI_upper","numeric","0.01448","prevalence_start_date &&& prevalence_end_date &&& analysis_interval","1997-01-01 &&& 1997-12-31 &&& years"
"1","postgres_omop","denominator_cohort_name &&& outcome_cohort_name","denominator_cohort_1 &&& neoplasm","overall","overall","Denominator",NA,"denominator_count","integer","13970","prevalence_start_date &&& prevalence_end_date &&& analysis_interval","1998-01-01 &&& 1998-12-31 &&& years"
"1","postgres_omop","denominator_cohort_name &&& outcome_cohort_name","denominator_cohort_1 &&& neoplasm","overall","overall","Outcome",NA,"outcome_count","integer","180","prevalence_start_date &&& prevalence_end_date &&& analysis_interval","1998-01-01 &&& 1998-12-31 &&& years"
"1","postgres_omop","denominator_cohort_name &&& outcome_cohort_name","denominator_cohort_1 &&& neoplasm","overall","overall","Outcome",NA,"prevalence","numeric","0.01288","prevalence_start_date &&& prevalence_end_date &&& analysis_interval","1998-01-01 &&& 1998-12-31 &&& years"
"1","postgres_omop","denominator_cohort_name &&& outcome_cohort_name","denominator_cohort_1 &&& neoplasm","overall","overall","Outcome",NA,"prevalence_95CI_lower","numeric","0.01114","prevalence_start_date &&& prevalence_end_date &&& analysis_interval","1998-01-01 &&& 1998-12-31 &&& years"
"1","postgres_omop","denominator_cohort_name &&& outcome_cohort_name","denominator_cohort_1 &&& neoplasm","overall","overall","Outcome",NA,"prevalence_95CI_upper","numeric","0.01489","prevalence_start_date &&& prevalence_end_date &&& analysis_interval","1998-01-01 &&& 1998-12-31 &&& years"
"1","postgres_omop","denominator_cohort_name &&& outcome_cohort_name","denominator_cohort_1 &&& neoplasm","overall","overall","Denominator",NA,"denominator_count","integer","15612","prevalence_start_date &&& prevalence_end_date &&& analysis_interval","1999-01-01 &&& 1999-12-31 &&& years"
"1","postgres_omop","denominator_cohort_name &&& outcome_cohort_name","denominator_cohort_1 &&& neoplasm","overall","overall","Outcome",NA,"outcome_count","integer","201","prevalence_start_date &&& prevalence_end_date &&& analysis_interval","1999-01-01 &&& 1999-12-31 &&& years"
"1","postgres_omop","denominator_cohort_name &&& outcome_cohort_name","denominator_cohort_1 &&& neoplasm","overall","overall","Outcome",NA,"prevalence","numeric","0.01287","prevalence_start_date &&& prevalence_end_date &&& analysis_interval","1999-01-01 &&& 1999-12-31 &&& years"
"1","postgres_omop","denominator_cohort_name &&& outcome_cohort_name","denominator_cohort_1 &&& neoplasm","overall","overall","Outcome",NA,"prevalence_95CI_lower","numeric","0.01122","prevalence_start_date &&& prevalence_end_date &&& analysis_interval","1999-01-01 &&& 1999-12-31 &&& years"
"1","postgres_omop","denominator_cohort_name &&& outcome_cohort_name","denominator_cohort_1 &&& neoplasm","overall","overall","Outcome",NA,"prevalence_95CI_upper","numeric","0.01477","prevalence_start_date &&& prevalence_end_date &&& analysis_interval","1999-01-01 &&& 1999-12-31 &&& years"
"1","postgres_omop","denominator_cohort_name &&& outcome_cohort_name","denominator_cohort_1 &&& neoplasm","overall","overall","Denominator",NA,"denominator_count","integer","17320","prevalence_start_date &&& prevalence_end_date &&& analysis_interval","2000-01-01 &&& 2000-12-31 &&& years"
"1","postgres_omop","denominator_cohort_name &&& outcome_cohort_name","denominator_cohort_1 &&& neoplasm","overall","overall","Outcome",NA,"outcome_count","integer","229","prevalence_start_date &&& prevalence_end_date &&& analysis_interval","2000-01-01 &&& 2000-12-31 &&& years"
"1","postgres_omop","denominator_cohort_name &&& outcome_cohort_name","denominator_cohort_1 &&& neoplasm","overall","overall","Outcome",NA,"prevalence","numeric","0.01322","prevalence_start_date &&& prevalence_end_date &&& analysis_interval","2000-01-01 &&& 2000-12-31 &&& years"
"1","postgres_omop","denominator_cohort_name &&& outcome_cohort_name","denominator_cohort_1 &&& neoplasm","overall","overall","Outcome",NA,"prevalence_95CI_lower","numeric","0.01163","prevalence_start_date &&& prevalence_end_date &&& analysis_interval","2000-01-01 &&& 2000-12-31 &&& years"
"1","postgres_omop","denominator_cohort_name &&& outcome_cohort_name","denominator_cohort_1 &&& neoplasm","overall","overall","Outcome",NA,"prevalence_95CI_upper","numeric","0.01503","prevalence_start_date &&& prevalence_end_date &&& analysis_interval","2000-01-01 &&& 2000-12-31 &&& years"
"1","postgres_omop","denominator_cohort_name &&& outcome_cohort_name","denominator_cohort_1 &&& neoplasm","overall","overall","Denominator",NA,"denominator_count","integer","19184","prevalence_start_date &&& prevalence_end_date &&& analysis_interval","2001-01-01 &&& 2001-12-31 &&& years"
"1","postgres_omop","denominator_cohort_name &&& outcome_cohort_name","denominator_cohort_1 &&& neoplasm","overall","overall","Outcome",NA,"outcome_count","integer","266","prevalence_start_date &&& prevalence_end_date &&& analysis_interval","2001-01-01 &&& 2001-12-31 &&& years"
"1","postgres_omop","denominator_cohort_name &&& outcome_cohort_name","denominator_cohort_1 &&& neoplasm","overall","overall","Outcome",NA,"prevalence","numeric","0.01387","prevalence_start_date &&& prevalence_end_date &&& analysis_interval","2001-01-01 &&& 2001-12-31 &&& years"
"1","postgres_omop","denominator_cohort_name &&& outcome_cohort_name","denominator_cohort_1 &&& neoplasm","overall","overall","Outcome",NA,"prevalence_95CI_lower","numeric","0.01231","prevalence_start_date &&& prevalence_end_date &&& analysis_interval","2001-01-01 &&& 2001-12-31 &&& years"
"1","postgres_omop","denominator_cohort_name &&& outcome_cohort_name","denominator_cohort_1 &&& neoplasm","overall","overall","Outcome",NA,"prevalence_95CI_upper","numeric","0.01562","prevalence_start_date &&& prevalence_end_date &&& analysis_interval","2001-01-01 &&& 2001-12-31 &&& years"
"1","postgres_omop","denominator_cohort_name &&& outcome_cohort_name","denominator_cohort_1 &&& neoplasm","overall","overall","Denominator",NA,"denominator_count","integer","21277","prevalence_start_date &&& prevalence_end_date &&& analysis_interval","2002-01-01 &&& 2002-12-31 &&& years"
"1","postgres_omop","denominator_cohort_name &&& outcome_cohort_name","denominator_cohort_1 &&& neoplasm","overall","overall","Outcome",NA,"outcome_count","integer","338","prevalence_start_date &&& prevalence_end_date &&& analysis_interval","2002-01-01 &&& 2002-12-31 &&& years"
"1","postgres_omop","denominator_cohort_name &&& outcome_cohort_name","denominator_cohort_1 &&& neoplasm","overall","overall","Outcome",NA,"prevalence","numeric","0.01589","prevalence_start_date &&& prevalence_end_date &&& analysis_interval","2002-01-01 &&& 2002-12-31 &&& years"
"1","postgres_omop","denominator_cohort_name &&& outcome_cohort_name","denominator_cohort_1 &&& neoplasm","overall","overall","Outcome",NA,"prevalence_95CI_lower","numeric","0.01429","prevalence_start_date &&& prevalence_end_date &&& analysis_interval","2002-01-01 &&& 2002-12-31 &&& years"
"1","postgres_omop","denominator_cohort_name &&& outcome_cohort_name","denominator_cohort_1 &&& neoplasm","overall","overall","Outcome",NA,"prevalence_95CI_upper","numeric","0.01766","prevalence_start_date &&& prevalence_end_date &&& analysis_interval","2002-01-01 &&& 2002-12-31 &&& years"
"1","postgres_omop","denominator_cohort_name &&& outcome_cohort_name","denominator_cohort_1 &&& neoplasm","overall","overall","Denominator",NA,"denominator_count","integer","23465","prevalence_start_date &&& prevalence_end_date &&& analysis_interval","2003-01-01 &&& 2003-12-31 &&& years"
"1","postgres_omop","denominator_cohort_name &&& outcome_cohort_name","denominator_cohort_1 &&& neoplasm","overall","overall","Outcome",NA,"outcome_count","integer","426","prevalence_start_date &&& prevalence_end_date &&& analysis_interval","2003-01-01 &&& 2003-12-31 &&& years"
"1","postgres_omop","denominator_cohort_name &&& outcome_cohort_name","denominator_cohort_1 &&& neoplasm","overall","overall","Outcome",NA,"prevalence","numeric","0.01815","prevalence_start_date &&& prevalence_end_date &&& analysis_interval","2003-01-01 &&& 2003-12-31 &&& years"
"1","postgres_omop","denominator_cohort_name &&& outcome_cohort_name","denominator_cohort_1 &&& neoplasm","overall","overall","Outcome",NA,"prevalence_95CI_lower","numeric","0.01652","prevalence_start_date &&& prevalence_end_date &&& analysis_interval","2003-01-01 &&& 2003-12-31 &&& years"
"1","postgres_omop","denominator_cohort_name &&& outcome_cohort_name","denominator_cohort_1 &&& neoplasm","overall","overall","Outcome",NA,"prevalence_95CI_upper","numeric","0.01994","prevalence_start_date &&& prevalence_end_date &&& analysis_interval","2003-01-01 &&& 2003-12-31 &&& years"
"1","postgres_omop","denominator_cohort_name &&& outcome_cohort_name","denominator_cohort_1 &&& neoplasm","overall","overall","Denominator",NA,"denominator_count","integer","26141","prevalence_start_date &&& prevalence_end_date &&& analysis_interval","2004-01-01 &&& 2004-12-31 &&& years"
"1","postgres_omop","denominator_cohort_name &&& outcome_cohort_name","denominator_cohort_1 &&& neoplasm","overall","overall","Outcome",NA,"outcome_count","integer","536","prevalence_start_date &&& prevalence_end_date &&& analysis_interval","2004-01-01 &&& 2004-12-31 &&& years"
"1","postgres_omop","denominator_cohort_name &&& outcome_cohort_name","denominator_cohort_1 &&& neoplasm","overall","overall","Outcome",NA,"prevalence","numeric","0.0205","prevalence_start_date &&& prevalence_end_date &&& analysis_interval","2004-01-01 &&& 2004-12-31 &&& years"
"1","postgres_omop","denominator_cohort_name &&& outcome_cohort_name","denominator_cohort_1 &&& neoplasm","overall","overall","Outcome",NA,"prevalence_95CI_lower","numeric","0.01886","prevalence_start_date &&& prevalence_end_date &&& analysis_interval","2004-01-01 &&& 2004-12-31 &&& years"
"1","postgres_omop","denominator_cohort_name &&& outcome_cohort_name","denominator_cohort_1 &&& neoplasm","overall","overall","Outcome",NA,"prevalence_95CI_upper","numeric","0.02229","prevalence_start_date &&& prevalence_end_date &&& analysis_interval","2004-01-01 &&& 2004-12-31 &&& years"
"1","postgres_omop","denominator_cohort_name &&& outcome_cohort_name","denominator_cohort_1 &&& neoplasm","overall","overall","Denominator",NA,"denominator_count","integer","43057","prevalence_start_date &&& prevalence_end_date &&& analysis_interval","2005-01-01 &&& 2005-12-31 &&& years"
"1","postgres_omop","denominator_cohort_name &&& outcome_cohort_name","denominator_cohort_1 &&& neoplasm","overall","overall","Outcome",NA,"outcome_count","integer","536","prevalence_start_date &&& prevalence_end_date &&& analysis_interval","2005-01-01 &&& 2005-12-31 &&& years"
"1","postgres_omop","denominator_cohort_name &&& outcome_cohort_name","denominator_cohort_1 &&& neoplasm","overall","overall","Outcome",NA,"prevalence","numeric","0.01245","prevalence_start_date &&& prevalence_end_date &&& analysis_interval","2005-01-01 &&& 2005-12-31 &&& years"
"1","postgres_omop","denominator_cohort_name &&& outcome_cohort_name","denominator_cohort_1 &&& neoplasm","overall","overall","Outcome",NA,"prevalence_95CI_lower","numeric","0.01144","prevalence_start_date &&& prevalence_end_date &&& analysis_interval","2005-01-01 &&& 2005-12-31 &&& years"
"1","postgres_omop","denominator_cohort_name &&& outcome_cohort_name","denominator_cohort_1 &&& neoplasm","overall","overall","Outcome",NA,"prevalence_95CI_upper","numeric","0.01354","prevalence_start_date &&& prevalence_end_date &&& analysis_interval","2005-01-01 &&& 2005-12-31 &&& years"
"1","postgres_omop","denominator_cohort_name &&& outcome_cohort_name","denominator_cohort_1 &&& neoplasm","overall","overall","Denominator",NA,"denominator_count","integer","47105","prevalence_start_date &&& prevalence_end_date &&& analysis_interval","2006-01-01 &&& 2006-12-31 &&& years"
"1","postgres_omop","denominator_cohort_name &&& outcome_cohort_name","denominator_cohort_1 &&& neoplasm","overall","overall","Outcome",NA,"outcome_count","integer","536","prevalence_start_date &&& prevalence_end_date &&& analysis_interval","2006-01-01 &&& 2006-12-31 &&& years"
"1","postgres_omop","denominator_cohort_name &&& outcome_cohort_name","denominator_cohort_1 &&& neoplasm","overall","overall","Outcome",NA,"prevalence","numeric","0.01138","prevalence_start_date &&& prevalence_end_date &&& analysis_interval","2006-01-01 &&& 2006-12-31 &&& years"
"1","postgres_omop","denominator_cohort_name &&& outcome_cohort_name","denominator_cohort_1 &&& neoplasm","overall","overall","Outcome",NA,"prevalence_95CI_lower","numeric","0.01046","prevalence_start_date &&& prevalence_end_date &&& analysis_interval","2006-01-01 &&& 2006-12-31 &&& years"
"1","postgres_omop","denominator_cohort_name &&& outcome_cohort_name","denominator_cohort_1 &&& neoplasm","overall","overall","Outcome",NA,"prevalence_95CI_upper","numeric","0.01238","prevalence_start_date &&& prevalence_end_date &&& analysis_interval","2006-01-01 &&& 2006-12-31 &&& years"
"1","postgres_omop","denominator_cohort_name &&& outcome_cohort_name","denominator_cohort_1 &&& neoplasm","overall","overall","Denominator",NA,"denominator_count","integer","47879","prevalence_start_date &&& prevalence_end_date &&& analysis_interval","2007-01-01 &&& 2007-12-31 &&& years"
"1","postgres_omop","denominator_cohort_name &&& outcome_cohort_name","denominator_cohort_1 &&& neoplasm","overall","overall","Outcome",NA,"outcome_count","integer","532","prevalence_start_date &&& prevalence_end_date &&& analysis_interval","2007-01-01 &&& 2007-12-31 &&& years"
"1","postgres_omop","denominator_cohort_name &&& outcome_cohort_name","denominator_cohort_1 &&& neoplasm","overall","overall","Outcome",NA,"prevalence","numeric","0.01111","prevalence_start_date &&& prevalence_end_date &&& analysis_interval","2007-01-01 &&& 2007-12-31 &&& years"
"1","postgres_omop","denominator_cohort_name &&& outcome_cohort_name","denominator_cohort_1 &&& neoplasm","overall","overall","Outcome",NA,"prevalence_95CI_lower","numeric","0.01021","prevalence_start_date &&& prevalence_end_date &&& analysis_interval","2007-01-01 &&& 2007-12-31 &&& years"
"1","postgres_omop","denominator_cohort_name &&& outcome_cohort_name","denominator_cohort_1 &&& neoplasm","overall","overall","Outcome",NA,"prevalence_95CI_upper","numeric","0.01209","prevalence_start_date &&& prevalence_end_date &&& analysis_interval","2007-01-01 &&& 2007-12-31 &&& years"
"1","postgres_omop","denominator_cohort_name &&& outcome_cohort_name","denominator_cohort_1 &&& neoplasm","overall","overall","Denominator",NA,"denominator_count","integer","48273","prevalence_start_date &&& prevalence_end_date &&& analysis_interval","2008-01-01 &&& 2008-12-31 &&& years"
"1","postgres_omop","denominator_cohort_name &&& outcome_cohort_name","denominator_cohort_1 &&& neoplasm","overall","overall","Outcome",NA,"outcome_count","integer","530","prevalence_start_date &&& prevalence_end_date &&& analysis_interval","2008-01-01 &&& 2008-12-31 &&& years"
"1","postgres_omop","denominator_cohort_name &&& outcome_cohort_name","denominator_cohort_1 &&& neoplasm","overall","overall","Outcome",NA,"prevalence","numeric","0.01098","prevalence_start_date &&& prevalence_end_date &&& analysis_interval","2008-01-01 &&& 2008-12-31 &&& years"
"1","postgres_omop","denominator_cohort_name &&& outcome_cohort_name","denominator_cohort_1 &&& neoplasm","overall","overall","Outcome",NA,"prevalence_95CI_lower","numeric","0.01009","prevalence_start_date &&& prevalence_end_date &&& analysis_interval","2008-01-01 &&& 2008-12-31 &&& years"
"1","postgres_omop","denominator_cohort_name &&& outcome_cohort_name","denominator_cohort_1 &&& neoplasm","overall","overall","Outcome",NA,"prevalence_95CI_upper","numeric","0.01195","prevalence_start_date &&& prevalence_end_date &&& analysis_interval","2008-01-01 &&& 2008-12-31 &&& years"
"1","postgres_omop","denominator_cohort_name &&& outcome_cohort_name","denominator_cohort_1 &&& neoplasm","overall","overall","Denominator",NA,"denominator_count","integer","47621","prevalence_start_date &&& prevalence_end_date &&& analysis_interval","2009-01-01 &&& 2009-12-31 &&& years"
"1","postgres_omop","denominator_cohort_name &&& outcome_cohort_name","denominator_cohort_1 &&& neoplasm","overall","overall","Outcome",NA,"outcome_count","integer","525","prevalence_start_date &&& prevalence_end_date &&& analysis_interval","2009-01-01 &&& 2009-12-31 &&& years"
"1","postgres_omop","denominator_cohort_name &&& outcome_cohort_name","denominator_cohort_1 &&& neoplasm","overall","overall","Outcome",NA,"prevalence","numeric","0.01102","prevalence_start_date &&& prevalence_end_date &&& analysis_interval","2009-01-01 &&& 2009-12-31 &&& years"
"1","postgres_omop","denominator_cohort_name &&& outcome_cohort_name","denominator_cohort_1 &&& neoplasm","overall","overall","Outcome",NA,"prevalence_95CI_lower","numeric","0.01013","prevalence_start_date &&& prevalence_end_date &&& analysis_interval","2009-01-01 &&& 2009-12-31 &&& years"
"1","postgres_omop","denominator_cohort_name &&& outcome_cohort_name","denominator_cohort_1 &&& neoplasm","overall","overall","Outcome",NA,"prevalence_95CI_upper","numeric","0.012","prevalence_start_date &&& prevalence_end_date &&& analysis_interval","2009-01-01 &&& 2009-12-31 &&& years"
"1","postgres_omop","denominator_cohort_name &&& outcome_cohort_name","denominator_cohort_1 &&& neoplasm","overall","overall","Denominator",NA,"denominator_count","integer","45991","prevalence_start_date &&& prevalence_end_date &&& analysis_interval","2010-01-01 &&& 2010-12-31 &&& years"
"1","postgres_omop","denominator_cohort_name &&& outcome_cohort_name","denominator_cohort_1 &&& neoplasm","overall","overall","Outcome",NA,"outcome_count","integer","520","prevalence_start_date &&& prevalence_end_date &&& analysis_interval","2010-01-01 &&& 2010-12-31 &&& years"
"1","postgres_omop","denominator_cohort_name &&& outcome_cohort_name","denominator_cohort_1 &&& neoplasm","overall","overall","Outcome",NA,"prevalence","numeric","0.01131","prevalence_start_date &&& prevalence_end_date &&& analysis_interval","2010-01-01 &&& 2010-12-31 &&& years"
"1","postgres_omop","denominator_cohort_name &&& outcome_cohort_name","denominator_cohort_1 &&& neoplasm","overall","overall","Outcome",NA,"prevalence_95CI_lower","numeric","0.01038","prevalence_start_date &&& prevalence_end_date &&& analysis_interval","2010-01-01 &&& 2010-12-31 &&& years"
"1","postgres_omop","denominator_cohort_name &&& outcome_cohort_name","denominator_cohort_1 &&& neoplasm","overall","overall","Outcome",NA,"prevalence_95CI_upper","numeric","0.01231","prevalence_start_date &&& prevalence_end_date &&& analysis_interval","2010-01-01 &&& 2010-12-31 &&& years"
"1","postgres_omop","denominator_cohort_name &&& outcome_cohort_name","denominator_cohort_1 &&& neoplasm","overall","overall","Denominator",NA,"denominator_count","integer","37797","prevalence_start_date &&& prevalence_end_date &&& analysis_interval","2011-01-01 &&& 2011-12-31 &&& years"
"1","postgres_omop","denominator_cohort_name &&& outcome_cohort_name","denominator_cohort_1 &&& neoplasm","overall","overall","Outcome",NA,"outcome_count","integer","517","prevalence_start_date &&& prevalence_end_date &&& analysis_interval","2011-01-01 &&& 2011-12-31 &&& years"
"1","postgres_omop","denominator_cohort_name &&& outcome_cohort_name","denominator_cohort_1 &&& neoplasm","overall","overall","Outcome",NA,"prevalence","numeric","0.01368","prevalence_start_date &&& prevalence_end_date &&& analysis_interval","2011-01-01 &&& 2011-12-31 &&& years"
"1","postgres_omop","denominator_cohort_name &&& outcome_cohort_name","denominator_cohort_1 &&& neoplasm","overall","overall","Outcome",NA,"prevalence_95CI_lower","numeric","0.01256","prevalence_start_date &&& prevalence_end_date &&& analysis_interval","2011-01-01 &&& 2011-12-31 &&& years"
"1","postgres_omop","denominator_cohort_name &&& outcome_cohort_name","denominator_cohort_1 &&& neoplasm","overall","overall","Outcome",NA,"prevalence_95CI_upper","numeric","0.0149","prevalence_start_date &&& prevalence_end_date &&& analysis_interval","2011-01-01 &&& 2011-12-31 &&& years"
"2","postgres_omop","denominator_cohort_name &&& outcome_cohort_name","denominator_cohort_1 &&& neoplasm","reason","Starting population","number_records",NA,"count","integer","49761","reason_id","1"
"2","postgres_omop","denominator_cohort_name &&& outcome_cohort_name","denominator_cohort_1 &&& neoplasm","reason","Starting population","number_subjects",NA,"count","integer","49761","reason_id","1"
"2","postgres_omop","denominator_cohort_name &&& outcome_cohort_name","denominator_cohort_1 &&& neoplasm","reason","Starting population","excluded_records",NA,"count","integer",NA,"reason_id","1"
"2","postgres_omop","denominator_cohort_name &&& outcome_cohort_name","denominator_cohort_1 &&& neoplasm","reason","Starting population","excluded_subjects",NA,"count","integer",NA,"reason_id","1"
"2","postgres_omop","denominator_cohort_name &&& outcome_cohort_name","denominator_cohort_1 &&& neoplasm","reason","Missing year of birth","number_records",NA,"count","integer","49761","reason_id","2"
"2","postgres_omop","denominator_cohort_name &&& outcome_cohort_name","denominator_cohort_1 &&& neoplasm","reason","Missing year of birth","number_subjects",NA,"count","integer","49761","reason_id","2"
"2","postgres_omop","denominator_cohort_name &&& outcome_cohort_name","denominator_cohort_1 &&& neoplasm","reason","Missing year of birth","excluded_records",NA,"count","integer","0","reason_id","2"
"2","postgres_omop","denominator_cohort_name &&& outcome_cohort_name","denominator_cohort_1 &&& neoplasm","reason","Missing year of birth","excluded_subjects",NA,"count","integer","0","reason_id","2"
"2","postgres_omop","denominator_cohort_name &&& outcome_cohort_name","denominator_cohort_1 &&& neoplasm","reason","Missing sex","number_records",NA,"count","integer","49761","reason_id","3"
"2","postgres_omop","denominator_cohort_name &&& outcome_cohort_name","denominator_cohort_1 &&& neoplasm","reason","Missing sex","number_subjects",NA,"count","integer","49761","reason_id","3"
"2","postgres_omop","denominator_cohort_name &&& outcome_cohort_name","denominator_cohort_1 &&& neoplasm","reason","Missing sex","excluded_records",NA,"count","integer","0","reason_id","3"
"2","postgres_omop","denominator_cohort_name &&& outcome_cohort_name","denominator_cohort_1 &&& neoplasm","reason","Missing sex","excluded_subjects",NA,"count","integer","0","reason_id","3"
"2","postgres_omop","denominator_cohort_name &&& outcome_cohort_name","denominator_cohort_1 &&& neoplasm","reason","Cannot satisfy age criteria during the study period based on year of birth","number_records",NA,"count","integer","49761","reason_id","4"
"2","postgres_omop","denominator_cohort_name &&& outcome_cohort_name","denominator_cohort_1 &&& neoplasm","reason","Cannot satisfy age criteria during the study period based on year of birth","number_subjects",NA,"count","integer","49761","reason_id","4"
"2","postgres_omop","denominator_cohort_name &&& outcome_cohort_name","denominator_cohort_1 &&& neoplasm","reason","Cannot satisfy age criteria during the study period based on year of birth","excluded_records",NA,"count","integer","0","reason_id","4"
"2","postgres_omop","denominator_cohort_name &&& outcome_cohort_name","denominator_cohort_1 &&& neoplasm","reason","Cannot satisfy age criteria during the study period based on year of birth","excluded_subjects",NA,"count","integer","0","reason_id","4"
"2","postgres_omop","denominator_cohort_name &&& outcome_cohort_name","denominator_cohort_1 &&& neoplasm","reason","No observation time available during study period","number_records",NA,"count","integer","49761","reason_id","5"
"2","postgres_omop","denominator_cohort_name &&& outcome_cohort_name","denominator_cohort_1 &&& neoplasm","reason","No observation time available during study period","number_subjects",NA,"count","integer","49761","reason_id","5"
"2","postgres_omop","denominator_cohort_name &&& outcome_cohort_name","denominator_cohort_1 &&& neoplasm","reason","No observation time available during study period","excluded_records",NA,"count","integer","0","reason_id","5"
"2","postgres_omop","denominator_cohort_name &&& outcome_cohort_name","denominator_cohort_1 &&& neoplasm","reason","No observation time available during study period","excluded_subjects",NA,"count","integer","0","reason_id","5"
"2","postgres_omop","denominator_cohort_name &&& outcome_cohort_name","denominator_cohort_1 &&& neoplasm","reason","Doesn't satisfy age criteria during the study period","number_records",NA,"count","integer","49761","reason_id","6"
"2","postgres_omop","denominator_cohort_name &&& outcome_cohort_name","denominator_cohort_1 &&& neoplasm","reason","Doesn't satisfy age criteria during the study period","number_subjects",NA,"count","integer","49761","reason_id","6"
"2","postgres_omop","denominator_cohort_name &&& outcome_cohort_name","denominator_cohort_1 &&& neoplasm","reason","Doesn't satisfy age criteria during the study period","excluded_records",NA,"count","integer","0","reason_id","6"
"2","postgres_omop","denominator_cohort_name &&& outcome_cohort_name","denominator_cohort_1 &&& neoplasm","reason","Doesn't satisfy age criteria during the study period","excluded_subjects",NA,"count","integer","0","reason_id","6"
"2","postgres_omop","denominator_cohort_name &&& outcome_cohort_name","denominator_cohort_1 &&& neoplasm","reason","Prior history requirement not fulfilled during study period","number_records",NA,"count","integer","49761","reason_id","7"
"2","postgres_omop","denominator_cohort_name &&& outcome_cohort_name","denominator_cohort_1 &&& neoplasm","reason","Prior history requirement not fulfilled during study period","number_subjects",NA,"count","integer","49761","reason_id","7"
"2","postgres_omop","denominator_cohort_name &&& outcome_cohort_name","denominator_cohort_1 &&& neoplasm","reason","Prior history requirement not fulfilled during study period","excluded_records",NA,"count","integer","0","reason_id","7"
"2","postgres_omop","denominator_cohort_name &&& outcome_cohort_name","denominator_cohort_1 &&& neoplasm","reason","Prior history requirement not fulfilled during study period","excluded_subjects",NA,"count","integer","0","reason_id","7"
"2","postgres_omop","denominator_cohort_name &&& outcome_cohort_name","denominator_cohort_1 &&& neoplasm","reason","No observation time available after applying age, prior observation and, if applicable, target criteria","number_records",NA,"count","integer","49761","reason_id","10"
"2","postgres_omop","denominator_cohort_name &&& outcome_cohort_name","denominator_cohort_1 &&& neoplasm","reason","No observation time available after applying age, prior observation and, if applicable, target criteria","number_subjects",NA,"count","integer","49761","reason_id","10"
"2","postgres_omop","denominator_cohort_name &&& outcome_cohort_name","denominator_cohort_1 &&& neoplasm","reason","No observation time available after applying age, prior observation and, if applicable, target criteria","excluded_records",NA,"count","integer","0","reason_id","10"
"2","postgres_omop","denominator_cohort_name &&& outcome_cohort_name","denominator_cohort_1 &&& neoplasm","reason","No observation time available after applying age, prior observation and, if applicable, target criteria","excluded_subjects",NA,"count","integer","0","reason_id","10"
"2","postgres_omop","denominator_cohort_name &&& outcome_cohort_name","denominator_cohort_1 &&& neoplasm","reason","Starting analysis population","number_records",NA,"count","integer","49761","reason_id","11"
"2","postgres_omop","denominator_cohort_name &&& outcome_cohort_name","denominator_cohort_1 &&& neoplasm","reason","Starting analysis population","number_subjects",NA,"count","integer","49761","reason_id","11"
"2","postgres_omop","denominator_cohort_name &&& outcome_cohort_name","denominator_cohort_1 &&& neoplasm","reason","Starting analysis population","excluded_records",NA,"count","integer",NA,"reason_id","11"
"2","postgres_omop","denominator_cohort_name &&& outcome_cohort_name","denominator_cohort_1 &&& neoplasm","reason","Starting analysis population","excluded_subjects",NA,"count","integer",NA,"reason_id","11"
"2","postgres_omop","denominator_cohort_name &&& outcome_cohort_name","denominator_cohort_1 &&& neoplasm","reason","Not observed during the complete database interval","number_records",NA,"count","integer","49761","reason_id","12"
"2","postgres_omop","denominator_cohort_name &&& outcome_cohort_name","denominator_cohort_1 &&& neoplasm","reason","Not observed during the complete database interval","number_subjects",NA,"count","integer","49761","reason_id","12"
"2","postgres_omop","denominator_cohort_name &&& outcome_cohort_name","denominator_cohort_1 &&& neoplasm","reason","Not observed during the complete database interval","excluded_records",NA,"count","integer","0","reason_id","12"
"2","postgres_omop","denominator_cohort_name &&& outcome_cohort_name","denominator_cohort_1 &&& neoplasm","reason","Not observed during the complete database interval","excluded_subjects",NA,"count","integer","0","reason_id","12"
"2","postgres_omop","denominator_cohort_name &&& outcome_cohort_name","denominator_cohort_1 &&& neoplasm","reason","Do not satisfy full contribution requirement for an interval","number_records",NA,"count","integer","49761","reason_id","14"
"2","postgres_omop","denominator_cohort_name &&& outcome_cohort_name","denominator_cohort_1 &&& neoplasm","reason","Do not satisfy full contribution requirement for an interval","number_subjects",NA,"count","integer","49761","reason_id","14"
"2","postgres_omop","denominator_cohort_name &&& outcome_cohort_name","denominator_cohort_1 &&& neoplasm","reason","Do not satisfy full contribution requirement for an interval","excluded_records",NA,"count","integer","0","reason_id","14"
"2","postgres_omop","denominator_cohort_name &&& outcome_cohort_name","denominator_cohort_1 &&& neoplasm","reason","Do not satisfy full contribution requirement for an interval","excluded_subjects",NA,"count","integer","0","reason_id","14"
"1",NA,"overall","overall","overall","overall","settings",NA,"result_type","character","prevalence","overall","overall"
"1",NA,"overall","overall","overall","overall","settings",NA,"package_name","character","IncidencePrevalence","overall","overall"
"1",NA,"overall","overall","overall","overall","settings",NA,"package_version","character","1.2.1","overall","overall"
"1",NA,"overall","overall","overall","overall","settings",NA,"group","character","denominator_cohort_name &&& outcome_cohort_name","overall","overall"
"1",NA,"overall","overall","overall","overall","settings",NA,"strata","character","","overall","overall"
"1",NA,"overall","overall","overall","overall","settings",NA,"additional","character","prevalence_start_date &&& prevalence_end_date &&& analysis_interval","overall","overall"
"1",NA,"overall","overall","overall","overall","settings",NA,"min_cell_count","character","5","overall","overall"
"1",NA,"overall","overall","overall","overall","settings",NA,"analysis_complete_database_intervals","character","TRUE","overall","overall"
"1",NA,"overall","overall","overall","overall","settings",NA,"analysis_full_contribution","character","FALSE","overall","overall"
"1",NA,"overall","overall","overall","overall","settings",NA,"analysis_level","character","person","overall","overall"
"1",NA,"overall","overall","overall","overall","settings",NA,"analysis_type","character","period prevalence","overall","overall"
"1",NA,"overall","overall","overall","overall","settings",NA,"denominator_age_group","character","0 to 150","overall","overall"
"1",NA,"overall","overall","overall","overall","settings",NA,"denominator_days_prior_observation","character","0","overall","overall"
"1",NA,"overall","overall","overall","overall","settings",NA,"denominator_end_date","character","2100-01-01","overall","overall"
"1",NA,"overall","overall","overall","overall","settings",NA,"denominator_requirements_at_entry","character","FALSE","overall","overall"
"1",NA,"overall","overall","overall","overall","settings",NA,"denominator_sex","character","Both","overall","overall"
"1",NA,"overall","overall","overall","overall","settings",NA,"denominator_start_date","character","1900-01-01","overall","overall"
"1",NA,"overall","overall","overall","overall","settings",NA,"denominator_target_cohort_name","character","None","overall","overall"
"1",NA,"overall","overall","overall","overall","settings",NA,"denominator_time_at_risk","character","0 to Inf","overall","overall"
"2",NA,"overall","overall","overall","overall","settings",NA,"result_type","character","prevalence_attrition","overall","overall"
"2",NA,"overall","overall","overall","overall","settings",NA,"package_name","character","IncidencePrevalence","overall","overall"
"2",NA,"overall","overall","overall","overall","settings",NA,"package_version","character","1.2.1","overall","overall"
"2",NA,"overall","overall","overall","overall","settings",NA,"group","character","denominator_cohort_name &&& outcome_cohort_name","overall","overall"
"2",NA,"overall","overall","overall","overall","settings",NA,"strata","character","reason","overall","overall"
"2",NA,"overall","overall","overall","overall","settings",NA,"additional","character","reason_id","overall","overall"
"2",NA,"overall","overall","overall","overall","settings",NA,"min_cell_count","character","5","overall","overall"
"2",NA,"overall","overall","overall","overall","settings",NA,"analysis_complete_database_intervals","character","TRUE","overall","overall"
"2",NA,"overall","overall","overall","overall","settings",NA,"analysis_full_contribution","character","FALSE","overall","overall"
"2",NA,"overall","overall","overall","overall","settings",NA,"analysis_level","character","person","overall","overall"
"2",NA,"overall","overall","overall","overall","settings",NA,"analysis_type","character","period prevalence","overall","overall"
"2",NA,"overall","overall","overall","overall","settings",NA,"denominator_age_group","character","0 to 150","overall","overall"
"2",NA,"overall","overall","overall","overall","settings",NA,"denominator_days_prior_observation","character","0","overall","overall"
"2",NA,"overall","overall","overall","overall","settings",NA,"denominator_end_date","character","2100-01-01","overall","overall"
"2",NA,"overall","overall","overall","overall","settings",NA,"denominator_requirements_at_entry","character","FALSE","overall","overall"
"2",NA,"overall","overall","overall","overall","settings",NA,"denominator_sex","character","Both","overall","overall"
"2",NA,"overall","overall","overall","overall","settings",NA,"denominator_start_date","character","1900-01-01","overall","overall"
"2",NA,"overall","overall","overall","overall","settings",NA,"denominator_target_cohort_name","character","None","overall","overall"
"2",NA,"overall","overall","overall","overall","settings",NA,"denominator_time_at_risk","character","0 to Inf","overall","overall"
